id,attackVector,attackComplexity,confidentialityImpact,integrityImpact,availabilityImpact,baseScore,baseSeverity,exploitabilityScore,impactScore,year,priority
CVE-2012-3338,NETWORK,LOW,NONE,LOW,NONE,5.3,MEDIUM,3.9,1.4,2012,Allocate
CVE-2013-7490,NETWORK,LOW,NONE,NONE,LOW,5.3,MEDIUM,3.9,1.4,2013,Allocate
CVE-2014-9320,NETWORK,LOW,HIGH,HIGH,HIGH,9.8,CRITICAL,3.9,5.9,2014,Immediate Action
CVE-2015-5947,NETWORK,HIGH,HIGH,HIGH,HIGH,8.1,HIGH,2.2,5.9,2015,Immediate Action
CVE-2015-7692,NETWORK,LOW,NONE,NONE,HIGH,7.5,HIGH,3.9,3.6,2015,Immediate Action
CVE-2015-7701,NETWORK,LOW,NONE,NONE,HIGH,7.5,HIGH,3.9,3.6,2015,Immediate Action
CVE-2015-7702,NETWORK,LOW,NONE,NONE,HIGH,6.5,MEDIUM,2.8,3.6,2015,Allocate
CVE-2015-7705,NETWORK,LOW,HIGH,HIGH,HIGH,9.8,CRITICAL,3.9,5.9,2015,Immediate Action
CVE-2015-7854,NETWORK,LOW,HIGH,HIGH,HIGH,8.8,HIGH,2.8,5.9,2015,Immediate Action
CVE-2015-9297,NETWORK,LOW,LOW,LOW,NONE,6.1,MEDIUM,2.8,2.7,2015,Allocate
CVE-2015-9298,NETWORK,LOW,HIGH,HIGH,HIGH,9.8,CRITICAL,3.9,5.9,2015,Immediate Action
CVE-2015-9309,NETWORK,LOW,HIGH,HIGH,HIGH,8.8,HIGH,2.8,5.9,2015,Immediate Action
CVE-2015-9323,NETWORK,LOW,HIGH,HIGH,HIGH,9.8,CRITICAL,3.9,5.9,2015,Immediate Action
CVE-2015-9353,NETWORK,LOW,HIGH,HIGH,HIGH,7.2,HIGH,1.2,5.9,2015,Immediate Action
CVE-2016-3113,NETWORK,LOW,LOW,LOW,NONE,6.1,MEDIUM,2.8,2.7,2016,Allocate
CVE-2016-6796,NETWORK,LOW,NONE,HIGH,NONE,7.5,HIGH,3.9,3.6,2016,Immediate Action
CVE-2016-9596,NETWORK,LOW,NONE,NONE,HIGH,6.5,MEDIUM,2.8,3.6,2016,Allocate
CVE-2017-10078,NETWORK,LOW,HIGH,HIGH,NONE,8.1,HIGH,2.8,5.2,2017,Immediate Action
CVE-2017-10089,NETWORK,LOW,HIGH,HIGH,HIGH,9.6,CRITICAL,2.8,6.0,2017,Immediate Action
CVE-2017-10096,NETWORK,LOW,HIGH,HIGH,HIGH,9.6,CRITICAL,2.8,6.0,2017,Immediate Action
CVE-2017-10101,NETWORK,LOW,HIGH,HIGH,HIGH,9.6,CRITICAL,2.8,6.0,2017,Immediate Action
CVE-2017-10102,NETWORK,HIGH,HIGH,HIGH,HIGH,9.0,CRITICAL,2.2,6.0,2017,Immediate Action
CVE-2017-10105,NETWORK,LOW,NONE,LOW,NONE,4.3,MEDIUM,2.8,1.4,2017,Allocate
CVE-2017-10107,NETWORK,LOW,HIGH,HIGH,HIGH,9.6,CRITICAL,2.8,6.0,2017,Immediate Action
CVE-2017-10109,NETWORK,LOW,NONE,NONE,LOW,5.3,MEDIUM,3.9,1.4,2017,Allocate
CVE-2017-10111,NETWORK,LOW,HIGH,HIGH,HIGH,9.6,CRITICAL,2.8,6.0,2017,Immediate Action
CVE-2017-10116,NETWORK,HIGH,HIGH,HIGH,HIGH,8.3,HIGH,1.6,6.0,2017,Immediate Action
CVE-2017-10118,NETWORK,LOW,HIGH,NONE,NONE,7.5,HIGH,3.9,3.6,2017,Immediate Action
CVE-2017-12669,NETWORK,LOW,HIGH,HIGH,HIGH,8.8,HIGH,2.8,5.9,2017,Immediate Action
CVE-2017-12863,NETWORK,LOW,HIGH,HIGH,HIGH,8.8,HIGH,2.8,5.9,2017,Immediate Action
CVE-2017-12877,NETWORK,LOW,NONE,NONE,HIGH,6.5,MEDIUM,2.8,3.6,2017,Allocate
CVE-2017-13145,NETWORK,LOW,NONE,NONE,HIGH,6.5,MEDIUM,2.8,3.6,2017,Allocate
CVE-2017-13715,NETWORK,LOW,HIGH,HIGH,HIGH,9.8,CRITICAL,3.9,5.9,2017,Immediate Action
CVE-2017-14039,NETWORK,LOW,HIGH,HIGH,HIGH,8.8,HIGH,2.8,5.9,2017,Immediate Action
CVE-2017-14120,NETWORK,LOW,HIGH,NONE,NONE,7.5,HIGH,3.9,3.6,2017,Immediate Action
CVE-2017-14164,NETWORK,LOW,HIGH,HIGH,HIGH,8.8,HIGH,2.8,5.9,2017,Immediate Action
CVE-2017-14443,NETWORK,LOW,HIGH,NONE,NONE,6.5,MEDIUM,2.8,3.6,2017,Allocate
CVE-2017-18514,NETWORK,LOW,HIGH,HIGH,HIGH,9.8,CRITICAL,3.9,5.9,2017,Immediate Action
CVE-2017-18559,NETWORK,LOW,LOW,LOW,NONE,6.1,MEDIUM,2.8,2.7,2017,Allocate
CVE-2017-2857,NETWORK,HIGH,HIGH,HIGH,HIGH,8.1,HIGH,2.2,5.9,2017,Immediate Action
CVE-2017-2876,NETWORK,LOW,NONE,HIGH,NONE,7.5,HIGH,3.9,3.6,2017,Immediate Action
CVE-2017-8040,NETWORK,LOW,HIGH,NONE,NONE,6.5,MEDIUM,2.8,3.6,2017,Allocate
CVE-2018-0418,NETWORK,LOW,NONE,NONE,HIGH,8.6,HIGH,3.9,4.0,2018,Immediate Action
CVE-2018-10845,NETWORK,HIGH,HIGH,NONE,NONE,5.9,MEDIUM,2.2,3.6,2018,Allocate
CVE-2018-10935,NETWORK,LOW,NONE,NONE,HIGH,6.5,MEDIUM,2.8,3.6,2018,Allocate
CVE-2018-11069,NETWORK,HIGH,HIGH,NONE,NONE,5.9,MEDIUM,2.2,3.6,2018,Allocate
CVE-2018-14622,NETWORK,LOW,NONE,NONE,HIGH,7.5,HIGH,3.9,3.6,2018,Immediate Action
CVE-2018-16672,NETWORK,LOW,HIGH,NONE,NONE,6.5,MEDIUM,2.8,3.6,2018,Allocate
CVE-2018-17095,NETWORK,LOW,HIGH,HIGH,HIGH,8.8,HIGH,2.8,5.9,2018,Immediate Action
CVE-2018-17232,NETWORK,LOW,HIGH,HIGH,HIGH,9.8,CRITICAL,3.9,5.9,2018,Immediate Action
CVE-2018-17410,NETWORK,LOW,HIGH,HIGH,HIGH,9.8,CRITICAL,3.9,5.9,2018,Immediate Action
CVE-2018-19947,NETWORK,LOW,HIGH,NONE,NONE,6.5,MEDIUM,2.8,3.6,2018,Allocate
CVE-2018-19948,NETWORK,LOW,NONE,HIGH,NONE,6.5,MEDIUM,2.8,3.6,2018,Allocate
CVE-2018-2452,NETWORK,LOW,LOW,LOW,NONE,6.1,MEDIUM,2.8,2.7,2018,Allocate
CVE-2018-3785,NETWORK,LOW,HIGH,HIGH,HIGH,9.8,CRITICAL,3.9,5.9,2018,Immediate Action
CVE-2018-3830,NETWORK,LOW,LOW,LOW,NONE,6.1,MEDIUM,2.8,2.7,2018,Allocate
CVE-2018-3831,NETWORK,LOW,HIGH,HIGH,HIGH,8.8,HIGH,2.8,5.9,2018,Immediate Action
CVE-2018-6976,NETWORK,LOW,LOW,NONE,NONE,5.3,MEDIUM,3.9,1.4,2018,Allocate
CVE-2019-10381,NETWORK,LOW,HIGH,NONE,NONE,7.5,HIGH,3.9,3.6,2019,Immediate Action
CVE-2019-10382,NETWORK,HIGH,HIGH,LOW,NONE,6.5,MEDIUM,2.2,4.2,2019,Allocate
CVE-2019-10390,NETWORK,LOW,HIGH,HIGH,HIGH,8.8,HIGH,2.8,5.9,2019,Immediate Action
CVE-2019-10667,NETWORK,LOW,LOW,NONE,NONE,5.3,MEDIUM,3.9,1.4,2019,Allocate
CVE-2019-10745,NETWORK,LOW,NONE,HIGH,NONE,7.5,HIGH,3.9,3.6,2019,Immediate Action
CVE-2019-10746,NETWORK,LOW,HIGH,HIGH,HIGH,9.8,CRITICAL,3.9,5.9,2019,Immediate Action
CVE-2019-10750,NETWORK,LOW,HIGH,HIGH,HIGH,9.8,CRITICAL,3.9,5.9,2019,Immediate Action
CVE-2019-10891,NETWORK,LOW,HIGH,HIGH,HIGH,9.8,CRITICAL,3.9,5.9,2019,Immediate Action
CVE-2019-11041,NETWORK,LOW,LOW,NONE,HIGH,7.1,HIGH,2.8,4.2,2019,Immediate Action
CVE-2019-11247,NETWORK,LOW,HIGH,HIGH,NONE,8.1,HIGH,2.8,5.2,2019,Immediate Action
CVE-2019-11546,NETWORK,HIGH,NONE,HIGH,NONE,5.3,MEDIUM,1.6,3.6,2019,Allocate
CVE-2019-11856,NETWORK,LOW,NONE,LOW,LOW,3.8,LOW,1.2,2.5,2019,Defer
CVE-2019-12255,NETWORK,LOW,HIGH,HIGH,HIGH,9.8,CRITICAL,3.9,5.9,2019,Immediate Action
CVE-2019-12258,NETWORK,LOW,NONE,NONE,HIGH,7.5,HIGH,3.9,3.6,2019,Immediate Action
CVE-2019-12463,NETWORK,LOW,HIGH,HIGH,HIGH,8.8,HIGH,2.8,5.9,2019,Immediate Action
CVE-2019-12626,NETWORK,LOW,LOW,LOW,NONE,4.8,MEDIUM,1.7,2.7,2019,Allocate
CVE-2019-12632,NETWORK,LOW,NONE,HIGH,NONE,7.5,HIGH,3.9,3.6,2019,Immediate Action
CVE-2019-13101,NETWORK,LOW,HIGH,HIGH,HIGH,9.8,CRITICAL,3.9,5.9,2019,Immediate Action
CVE-2019-13408,NETWORK,LOW,HIGH,NONE,NONE,7.5,HIGH,3.9,3.6,2019,Immediate Action
CVE-2019-13420,NETWORK,HIGH,HIGH,NONE,NONE,5.9,MEDIUM,2.2,3.6,2019,Allocate
CVE-2019-13458,NETWORK,LOW,HIGH,NONE,NONE,6.5,MEDIUM,2.8,3.6,2019,Allocate
CVE-2019-13578,NETWORK,LOW,HIGH,HIGH,HIGH,9.8,CRITICAL,3.9,5.9,2019,Immediate Action
CVE-2019-13599,NETWORK,LOW,LOW,NONE,NONE,5.3,MEDIUM,3.9,1.4,2019,Allocate
CVE-2019-14245,NETWORK,LOW,NONE,HIGH,NONE,6.5,MEDIUM,2.8,3.6,2019,Allocate
CVE-2019-14734,NETWORK,LOW,HIGH,HIGH,HIGH,8.8,HIGH,2.8,5.9,2019,Immediate Action
CVE-2019-14806,NETWORK,LOW,HIGH,NONE,NONE,7.5,HIGH,3.9,3.6,2019,Immediate Action
CVE-2019-14813,NETWORK,LOW,HIGH,HIGH,HIGH,9.8,CRITICAL,3.9,5.9,2019,Immediate Action
CVE-2019-15052,NETWORK,LOW,HIGH,HIGH,HIGH,9.8,CRITICAL,3.9,5.9,2019,Immediate Action
CVE-2019-15151,NETWORK,LOW,HIGH,HIGH,HIGH,9.8,CRITICAL,3.9,5.9,2019,Immediate Action
CVE-2019-15237,NETWORK,LOW,NONE,HIGH,NONE,7.4,HIGH,2.8,4.0,2019,Immediate Action
CVE-2019-15505,NETWORK,LOW,HIGH,HIGH,HIGH,9.8,CRITICAL,3.9,5.9,2019,Immediate Action
CVE-2019-15759,NETWORK,LOW,NONE,NONE,HIGH,6.5,MEDIUM,2.8,3.6,2019,Allocate
CVE-2019-15780,NETWORK,LOW,HIGH,HIGH,HIGH,9.8,CRITICAL,3.9,5.9,2019,Immediate Action
CVE-2019-15847,NETWORK,LOW,HIGH,NONE,NONE,7.5,HIGH,3.9,3.6,2019,Immediate Action
CVE-2019-15916,NETWORK,LOW,NONE,NONE,HIGH,7.5,HIGH,3.9,3.6,2019,Immediate Action
CVE-2019-15949,NETWORK,LOW,HIGH,HIGH,HIGH,8.8,HIGH,2.8,5.9,2019,Immediate Action
CVE-2019-16091,NETWORK,LOW,HIGH,NONE,NONE,7.5,HIGH,3.9,3.6,2019,Immediate Action
CVE-2019-16095,NETWORK,LOW,HIGH,NONE,NONE,7.5,HIGH,3.9,3.6,2019,Immediate Action
CVE-2019-16096,NETWORK,LOW,NONE,NONE,HIGH,7.5,HIGH,3.9,3.6,2019,Immediate Action
CVE-2019-16123,NETWORK,LOW,HIGH,NONE,NONE,7.5,HIGH,3.9,3.6,2019,Immediate Action
CVE-2019-16132,NETWORK,LOW,NONE,HIGH,NONE,6.5,MEDIUM,2.8,3.6,2019,Allocate
CVE-2019-16145,NETWORK,LOW,LOW,LOW,NONE,6.1,MEDIUM,2.8,2.7,2019,Allocate
CVE-2019-16164,NETWORK,LOW,NONE,NONE,HIGH,6.5,MEDIUM,2.8,3.6,2019,Allocate
CVE-2019-16166,NETWORK,LOW,NONE,NONE,HIGH,6.5,MEDIUM,2.8,3.6,2019,Allocate
CVE-2019-16176,NETWORK,LOW,LOW,NONE,NONE,5.3,MEDIUM,3.9,1.4,2019,Allocate
CVE-2019-1907,NETWORK,LOW,HIGH,HIGH,HIGH,8.8,HIGH,2.8,5.9,2019,Immediate Action
CVE-2019-1912,NETWORK,LOW,NONE,HIGH,HIGH,9.1,CRITICAL,3.9,5.2,2019,Immediate Action
CVE-2019-1939,NETWORK,LOW,HIGH,HIGH,HIGH,8.8,HIGH,2.8,5.9,2019,Immediate Action
CVE-2019-1955,NETWORK,LOW,NONE,HIGH,NONE,7.5,HIGH,3.9,3.6,2019,Immediate Action
CVE-2019-1967,NETWORK,LOW,NONE,NONE,HIGH,7.5,HIGH,3.9,3.6,2019,Immediate Action
CVE-2019-20918,NETWORK,LOW,NONE,NONE,HIGH,6.5,MEDIUM,2.8,3.6,2019,Allocate
CVE-2019-2126,NETWORK,LOW,HIGH,HIGH,HIGH,8.8,HIGH,2.8,5.9,2019,Immediate Action
CVE-2019-25052,NETWORK,LOW,HIGH,NONE,HIGH,9.1,CRITICAL,3.9,5.2,2019,Immediate Action
CVE-2019-4117,NETWORK,LOW,HIGH,HIGH,HIGH,8.8,HIGH,2.8,5.9,2019,Immediate Action
CVE-2019-4310,NETWORK,LOW,HIGH,NONE,NONE,7.5,HIGH,3.9,3.6,2019,Immediate Action
CVE-2019-4437,NETWORK,LOW,LOW,NONE,NONE,5.3,MEDIUM,3.9,1.4,2019,Allocate
CVE-2019-4484,NETWORK,LOW,LOW,NONE,NONE,4.3,MEDIUM,2.8,1.4,2019,Allocate
CVE-2019-4688,NETWORK,LOW,LOW,NONE,NONE,4.3,MEDIUM,2.8,1.4,2019,Allocate
CVE-2019-4701,NETWORK,LOW,LOW,NONE,NONE,5.3,MEDIUM,3.9,1.4,2019,Allocate
CVE-2019-5038,NETWORK,LOW,HIGH,HIGH,HIGH,8.8,HIGH,2.8,5.9,2019,Immediate Action
CVE-2019-5320,NETWORK,LOW,LOW,LOW,NONE,6.1,MEDIUM,2.8,2.7,2019,Allocate
CVE-2019-6112,NETWORK,LOW,LOW,LOW,NONE,6.1,MEDIUM,2.8,2.7,2019,Allocate
CVE-2019-6644,NETWORK,LOW,HIGH,HIGH,LOW,9.4,CRITICAL,3.9,5.5,2019,Immediate Action
CVE-2019-6647,NETWORK,LOW,NONE,NONE,LOW,5.3,MEDIUM,3.9,1.4,2019,Allocate
CVE-2019-6695,NETWORK,LOW,HIGH,HIGH,HIGH,9.8,CRITICAL,3.9,5.9,2019,Immediate Action
CVE-2019-6996,NETWORK,LOW,LOW,NONE,NONE,4.3,MEDIUM,2.8,1.4,2019,Allocate
CVE-2019-7005,NETWORK,LOW,HIGH,NONE,NONE,7.5,HIGH,3.9,3.6,2019,Immediate Action
CVE-2019-7410,NETWORK,LOW,LOW,LOW,NONE,6.1,MEDIUM,2.8,2.7,2019,Allocate
CVE-2019-8004,NETWORK,LOW,HIGH,NONE,NONE,7.5,HIGH,3.9,3.6,2019,Immediate Action
CVE-2019-8019,NETWORK,LOW,HIGH,HIGH,HIGH,8.8,HIGH,2.8,5.9,2019,Immediate Action
CVE-2019-8022,NETWORK,LOW,HIGH,HIGH,HIGH,9.8,CRITICAL,3.9,5.9,2019,Immediate Action
CVE-2019-8023,NETWORK,LOW,HIGH,HIGH,HIGH,9.8,CRITICAL,3.9,5.9,2019,Immediate Action
CVE-2019-8033,NETWORK,LOW,HIGH,HIGH,HIGH,8.8,HIGH,2.8,5.9,2019,Immediate Action
CVE-2019-8034,NETWORK,LOW,HIGH,HIGH,HIGH,8.8,HIGH,2.8,5.9,2019,Immediate Action
CVE-2019-8035,NETWORK,LOW,LOW,NONE,NONE,4.3,MEDIUM,2.8,1.4,2019,Allocate
CVE-2019-8036,NETWORK,LOW,HIGH,HIGH,HIGH,9.8,CRITICAL,3.9,5.9,2019,Immediate Action
CVE-2019-8042,NETWORK,LOW,HIGH,HIGH,HIGH,9.8,CRITICAL,3.9,5.9,2019,Immediate Action
CVE-2019-8050,NETWORK,LOW,HIGH,HIGH,HIGH,9.8,CRITICAL,3.9,5.9,2019,Immediate Action
CVE-2019-8097,NETWORK,LOW,LOW,NONE,NONE,5.3,MEDIUM,3.9,1.4,2019,Allocate
CVE-2019-8100,NETWORK,LOW,HIGH,HIGH,HIGH,9.8,CRITICAL,3.9,5.9,2019,Immediate Action
CVE-2019-8101,NETWORK,LOW,HIGH,NONE,NONE,7.5,HIGH,3.9,3.6,2019,Immediate Action
CVE-2019-8106,NETWORK,LOW,HIGH,NONE,NONE,7.5,HIGH,3.9,3.6,2019,Immediate Action
CVE-2019-8444,NETWORK,LOW,LOW,LOW,NONE,5.4,MEDIUM,2.3,2.7,2019,Allocate
CVE-2019-8460,NETWORK,LOW,NONE,NONE,HIGH,7.5,HIGH,3.9,3.6,2019,Immediate Action
CVE-2019-9012,NETWORK,LOW,NONE,NONE,HIGH,7.5,HIGH,3.9,3.6,2019,Immediate Action
CVE-2019-9855,NETWORK,LOW,HIGH,HIGH,HIGH,9.8,CRITICAL,3.9,5.9,2019,Immediate Action
CVE-2020-0253,NETWORK,LOW,HIGH,HIGH,HIGH,9.8,CRITICAL,3.9,5.9,2020,Immediate Action
CVE-2020-10778,NETWORK,LOW,HIGH,LOW,LOW,6.0,MEDIUM,1.2,4.7,2020,Allocate
CVE-2020-11684,NETWORK,LOW,HIGH,HIGH,NONE,9.1,CRITICAL,3.9,5.2,2020,Immediate Action
CVE-2020-11881,NETWORK,LOW,NONE,NONE,HIGH,7.5,HIGH,3.9,3.6,2020,Immediate Action
CVE-2020-11991,NETWORK,LOW,HIGH,NONE,NONE,7.5,HIGH,3.9,3.6,2020,Immediate Action
CVE-2020-12643,NETWORK,LOW,LOW,NONE,NONE,4.3,MEDIUM,2.8,1.4,2020,Allocate
CVE-2020-12759,NETWORK,LOW,LOW,LOW,NONE,6.1,MEDIUM,2.8,2.7,2020,Allocate
CVE-2020-12776,NETWORK,LOW,HIGH,HIGH,HIGH,7.2,HIGH,1.2,5.9,2020,Immediate Action
CVE-2020-12788,NETWORK,LOW,HIGH,NONE,NONE,7.5,HIGH,3.9,3.6,2020,Immediate Action
CVE-2020-12789,NETWORK,LOW,HIGH,NONE,NONE,7.5,HIGH,3.9,3.6,2020,Immediate Action
CVE-2020-13124,NETWORK,LOW,HIGH,HIGH,HIGH,8.8,HIGH,2.8,5.9,2020,Immediate Action
CVE-2020-13175,NETWORK,LOW,HIGH,NONE,NONE,7.5,HIGH,3.9,3.6,2020,Immediate Action
CVE-2020-13283,NETWORK,LOW,LOW,LOW,NONE,5.4,MEDIUM,2.3,2.7,2020,Allocate
CVE-2020-13285,NETWORK,LOW,LOW,LOW,NONE,5.4,MEDIUM,2.3,2.7,2020,Allocate
CVE-2020-13298,NETWORK,LOW,LOW,NONE,NONE,5.8,MEDIUM,3.9,1.4,2020,Allocate
CVE-2020-13306,NETWORK,LOW,NONE,NONE,HIGH,7.5,HIGH,3.9,3.6,2020,Immediate Action
CVE-2020-13308,NETWORK,LOW,NONE,NONE,LOW,2.7,LOW,1.2,1.4,2020,Defer
CVE-2020-13313,NETWORK,LOW,NONE,LOW,NONE,4.3,MEDIUM,2.8,1.4,2020,Allocate
CVE-2020-13315,NETWORK,LOW,NONE,NONE,HIGH,7.5,HIGH,3.9,3.6,2020,Immediate Action
CVE-2020-13318,NETWORK,LOW,HIGH,HIGH,NONE,7.3,HIGH,2.1,5.2,2020,Immediate Action
CVE-2020-13655,NETWORK,LOW,LOW,LOW,NONE,6.1,MEDIUM,2.8,2.7,2020,Allocate
CVE-2020-13921,NETWORK,LOW,HIGH,HIGH,HIGH,9.8,CRITICAL,3.9,5.9,2020,Immediate Action
CVE-2020-13941,NETWORK,LOW,HIGH,HIGH,HIGH,8.8,HIGH,2.8,5.9,2020,Immediate Action
CVE-2020-14161,NETWORK,LOW,LOW,LOW,NONE,6.1,MEDIUM,2.8,2.7,2020,Allocate
CVE-2020-14194,NETWORK,LOW,LOW,LOW,NONE,5.4,MEDIUM,2.8,2.5,2020,Allocate
CVE-2020-14215,NETWORK,LOW,NONE,HIGH,NONE,7.5,HIGH,3.9,3.6,2020,Immediate Action
CVE-2020-14352,NETWORK,LOW,HIGH,HIGH,HIGH,8.0,HIGH,2.1,5.9,2020,Immediate Action
CVE-2020-14512,NETWORK,LOW,HIGH,NONE,NONE,7.5,HIGH,3.9,3.6,2020,Immediate Action
CVE-2020-14937,NETWORK,LOW,HIGH,NONE,HIGH,9.1,CRITICAL,3.9,5.2,2020,Immediate Action
CVE-2020-15070,NETWORK,LOW,HIGH,HIGH,HIGH,8.8,HIGH,2.8,5.9,2020,Immediate Action
CVE-2020-15094,NETWORK,LOW,HIGH,HIGH,HIGH,8.8,HIGH,2.8,5.9,2020,Immediate Action
CVE-2020-15106,NETWORK,LOW,NONE,NONE,HIGH,6.5,MEDIUM,2.8,3.6,2020,Allocate
CVE-2020-15109,NETWORK,LOW,NONE,LOW,NONE,5.3,MEDIUM,3.9,1.4,2020,Allocate
CVE-2020-15112,NETWORK,LOW,NONE,NONE,HIGH,6.5,MEDIUM,2.8,3.6,2020,Allocate
CVE-2020-15119,NETWORK,LOW,LOW,LOW,NONE,5.4,MEDIUM,2.3,2.7,2020,Allocate
CVE-2020-15136,NETWORK,HIGH,HIGH,LOW,NONE,6.5,MEDIUM,2.2,4.2,2020,Allocate
CVE-2020-15141,NETWORK,LOW,NONE,LOW,NONE,4.1,MEDIUM,2.3,1.4,2020,Allocate
CVE-2020-15142,NETWORK,LOW,HIGH,HIGH,HIGH,9.0,CRITICAL,2.3,6.0,2020,Immediate Action
CVE-2020-15173,NETWORK,LOW,HIGH,HIGH,HIGH,9.8,CRITICAL,3.9,5.9,2020,Immediate Action
CVE-2020-15647,NETWORK,LOW,HIGH,NONE,NONE,7.4,HIGH,2.8,4.0,2020,Immediate Action
CVE-2020-15652,NETWORK,LOW,HIGH,NONE,NONE,6.5,MEDIUM,2.8,3.6,2020,Allocate
CVE-2020-15659,NETWORK,LOW,HIGH,HIGH,HIGH,8.8,HIGH,2.8,5.9,2020,Immediate Action
CVE-2020-15744,NETWORK,LOW,HIGH,HIGH,HIGH,9.8,CRITICAL,3.9,5.9,2020,Immediate Action
CVE-2020-15817,NETWORK,LOW,HIGH,HIGH,HIGH,8.8,HIGH,2.8,5.9,2020,Immediate Action
CVE-2020-15824,NETWORK,LOW,HIGH,HIGH,HIGH,8.8,HIGH,2.8,5.9,2020,Immediate Action
CVE-2020-15868,NETWORK,LOW,HIGH,NONE,NONE,7.5,HIGH,3.9,3.6,2020,Immediate Action
CVE-2020-15944,NETWORK,LOW,LOW,LOW,NONE,5.4,MEDIUM,2.3,2.7,2020,Allocate
CVE-2020-16098,NETWORK,LOW,HIGH,HIGH,HIGH,9.8,CRITICAL,3.9,5.9,2020,Immediate Action
CVE-2020-16197,NETWORK,LOW,LOW,NONE,NONE,4.3,MEDIUM,2.8,1.4,2020,Allocate
CVE-2020-16205,NETWORK,LOW,HIGH,HIGH,HIGH,7.2,HIGH,1.2,5.9,2020,Immediate Action
CVE-2020-16239,NETWORK,LOW,HIGH,NONE,NONE,4.9,MEDIUM,1.2,3.6,2020,Allocate
CVE-2020-16248,NETWORK,LOW,LOW,NONE,NONE,5.8,MEDIUM,3.9,1.4,2020,Allocate
CVE-2020-16251,NETWORK,LOW,LOW,HIGH,NONE,8.2,HIGH,3.9,4.2,2020,Immediate Action
CVE-2020-16253,NETWORK,LOW,NONE,HIGH,HIGH,8.1,HIGH,2.8,5.2,2020,Immediate Action
CVE-2020-16266,NETWORK,LOW,LOW,LOW,NONE,5.4,MEDIUM,2.3,2.7,2020,Allocate
CVE-2020-16843,NETWORK,HIGH,NONE,NONE,HIGH,5.9,MEDIUM,2.2,3.6,2020,Allocate
CVE-2020-16847,NETWORK,LOW,LOW,LOW,NONE,6.1,MEDIUM,2.8,2.7,2020,Allocate
CVE-2020-17352,NETWORK,LOW,HIGH,HIGH,HIGH,8.8,HIGH,2.8,5.9,2020,Immediate Action
CVE-2020-17372,NETWORK,LOW,LOW,LOW,NONE,5.4,MEDIUM,2.3,2.7,2020,Allocate
CVE-2020-17373,NETWORK,HIGH,HIGH,NONE,NONE,5.3,MEDIUM,1.6,3.6,2020,Allocate
CVE-2020-17446,NETWORK,LOW,HIGH,HIGH,HIGH,9.8,CRITICAL,3.9,5.9,2020,Immediate Action
CVE-2020-17449,NETWORK,LOW,LOW,LOW,NONE,5.4,MEDIUM,2.3,2.7,2020,Allocate
CVE-2020-17463,NETWORK,LOW,HIGH,HIGH,HIGH,9.8,CRITICAL,3.9,5.9,2020,Immediate Action
CVE-2020-17473,NETWORK,HIGH,NONE,HIGH,NONE,5.9,MEDIUM,2.2,3.6,2020,Allocate
CVE-2020-17479,NETWORK,LOW,HIGH,HIGH,HIGH,9.8,CRITICAL,3.9,5.9,2020,Immediate Action
CVE-2020-17487,NETWORK,LOW,NONE,NONE,HIGH,7.5,HIGH,3.9,3.6,2020,Immediate Action
CVE-2020-17495,NETWORK,LOW,HIGH,NONE,NONE,7.5,HIGH,3.9,3.6,2020,Immediate Action
CVE-2020-18114,NETWORK,LOW,HIGH,HIGH,HIGH,9.8,CRITICAL,3.9,5.9,2020,Immediate Action
CVE-2020-18449,NETWORK,LOW,LOW,LOW,NONE,5.4,MEDIUM,2.3,2.7,2020,Allocate
CVE-2020-18454,NETWORK,LOW,HIGH,HIGH,HIGH,6.8,MEDIUM,0.9,5.9,2020,Allocate
CVE-2020-18464,NETWORK,LOW,NONE,LOW,NONE,3.5,LOW,2.1,1.4,2020,Defer
CVE-2020-18731,NETWORK,LOW,NONE,NONE,HIGH,7.5,HIGH,3.9,3.6,2020,Immediate Action
CVE-2020-18773,NETWORK,LOW,NONE,NONE,HIGH,6.5,MEDIUM,2.8,3.6,2020,Allocate
CVE-2020-18775,NETWORK,LOW,NONE,NONE,HIGH,6.5,MEDIUM,2.8,3.6,2020,Allocate
CVE-2020-1889,NETWORK,LOW,HIGH,HIGH,HIGH,10.0,CRITICAL,3.9,6.0,2020,Immediate Action
CVE-2020-1911,NETWORK,LOW,HIGH,HIGH,HIGH,9.8,CRITICAL,3.9,5.9,2020,Immediate Action
CVE-2020-1912,NETWORK,HIGH,HIGH,HIGH,HIGH,8.1,HIGH,2.2,5.9,2020,Immediate Action
CVE-2020-19669,NETWORK,LOW,HIGH,HIGH,HIGH,8.8,HIGH,2.8,5.9,2020,Immediate Action
CVE-2020-19704,NETWORK,LOW,LOW,LOW,NONE,5.4,MEDIUM,2.3,2.7,2020,Allocate
CVE-2020-19709,NETWORK,LOW,LOW,LOW,NONE,6.1,MEDIUM,2.8,2.7,2020,Allocate
CVE-2020-19877,NETWORK,LOW,LOW,NONE,NONE,5.3,MEDIUM,3.9,1.4,2020,Allocate
CVE-2020-19886,NETWORK,LOW,NONE,HIGH,HIGH,8.1,HIGH,2.8,5.2,2020,Immediate Action
CVE-2020-2042,NETWORK,LOW,HIGH,HIGH,HIGH,7.2,HIGH,1.2,5.9,2020,Immediate Action
CVE-2020-20642,NETWORK,LOW,HIGH,HIGH,HIGH,8.8,HIGH,2.8,5.9,2020,Immediate Action
CVE-2020-20675,NETWORK,LOW,HIGH,HIGH,HIGH,9.8,CRITICAL,3.9,5.9,2020,Immediate Action
CVE-2020-2075,NETWORK,LOW,NONE,NONE,HIGH,7.5,HIGH,3.9,3.6,2020,Immediate Action
CVE-2020-20981,NETWORK,LOW,HIGH,NONE,NONE,7.5,HIGH,3.9,3.6,2020,Immediate Action
CVE-2020-21353,NETWORK,LOW,LOW,LOW,NONE,5.4,MEDIUM,2.3,2.7,2020,Allocate
CVE-2020-21929,NETWORK,LOW,LOW,LOW,NONE,5.4,MEDIUM,2.3,2.7,2020,Allocate
CVE-2020-22124,NETWORK,LOW,HIGH,NONE,NONE,7.5,HIGH,3.9,3.6,2020,Immediate Action
CVE-2020-2230,NETWORK,LOW,LOW,LOW,NONE,5.4,MEDIUM,2.3,2.7,2020,Allocate
CVE-2020-2233,NETWORK,LOW,HIGH,NONE,NONE,6.5,MEDIUM,2.8,3.6,2020,Allocate
CVE-2020-2235,NETWORK,LOW,HIGH,NONE,NONE,6.5,MEDIUM,2.8,3.6,2020,Allocate
CVE-2020-22392,NETWORK,LOW,LOW,LOW,NONE,5.4,MEDIUM,2.3,2.7,2020,Allocate
CVE-2020-2245,NETWORK,LOW,HIGH,LOW,NONE,7.1,HIGH,2.8,4.2,2020,Immediate Action
CVE-2020-22937,NETWORK,LOW,HIGH,HIGH,HIGH,9.8,CRITICAL,3.9,5.9,2020,Immediate Action
CVE-2020-23226,NETWORK,LOW,LOW,LOW,NONE,6.1,MEDIUM,2.8,2.7,2020,Allocate
CVE-2020-23330,NETWORK,LOW,NONE,NONE,HIGH,7.5,HIGH,3.9,3.6,2020,Immediate Action
CVE-2020-23333,NETWORK,LOW,NONE,NONE,HIGH,7.5,HIGH,3.9,3.6,2020,Immediate Action
CVE-2020-23450,NETWORK,LOW,LOW,LOW,NONE,5.4,MEDIUM,2.3,2.7,2020,Allocate
CVE-2020-23512,NETWORK,LOW,HIGH,HIGH,HIGH,9.8,CRITICAL,3.9,5.9,2020,Immediate Action
CVE-2020-23658,NETWORK,LOW,LOW,LOW,NONE,5.4,MEDIUM,2.3,2.7,2020,Allocate
CVE-2020-23824,NETWORK,LOW,HIGH,HIGH,HIGH,8.8,HIGH,2.8,5.9,2020,Immediate Action
CVE-2020-24029,NETWORK,LOW,HIGH,HIGH,HIGH,9.8,CRITICAL,3.9,5.9,2020,Immediate Action
CVE-2020-24032,NETWORK,LOW,HIGH,HIGH,HIGH,9.8,CRITICAL,3.9,5.9,2020,Immediate Action
CVE-2020-24051,NETWORK,LOW,HIGH,HIGH,HIGH,9.8,CRITICAL,3.9,5.9,2020,Immediate Action
CVE-2020-24074,NETWORK,LOW,HIGH,HIGH,HIGH,9.8,CRITICAL,3.9,5.9,2020,Immediate Action
CVE-2020-24186,NETWORK,LOW,HIGH,HIGH,HIGH,10.0,CRITICAL,3.9,6.0,2020,Immediate Action
CVE-2020-24193,NETWORK,LOW,HIGH,HIGH,HIGH,9.8,CRITICAL,3.9,5.9,2020,Immediate Action
CVE-2020-24196,NETWORK,LOW,HIGH,HIGH,HIGH,7.2,HIGH,1.2,5.9,2020,Immediate Action
CVE-2020-24208,NETWORK,LOW,HIGH,HIGH,HIGH,9.8,CRITICAL,3.9,5.9,2020,Immediate Action
CVE-2020-24223,NETWORK,LOW,LOW,LOW,NONE,6.1,MEDIUM,2.8,2.7,2020,Allocate
CVE-2020-24354,NETWORK,LOW,HIGH,HIGH,HIGH,8.8,HIGH,2.8,5.9,2020,Immediate Action
CVE-2020-24572,NETWORK,LOW,HIGH,HIGH,HIGH,8.8,HIGH,2.8,5.9,2020,Immediate Action
CVE-2020-24576,NETWORK,LOW,HIGH,HIGH,HIGH,8.8,HIGH,2.8,5.9,2020,Immediate Action
CVE-2020-24622,NETWORK,LOW,HIGH,NONE,NONE,4.9,MEDIUM,1.2,3.6,2020,Allocate
CVE-2020-24704,NETWORK,LOW,LOW,LOW,NONE,6.1,MEDIUM,2.8,2.7,2020,Allocate
CVE-2020-24705,NETWORK,LOW,HIGH,HIGH,HIGH,8.8,HIGH,2.8,5.9,2020,Immediate Action
CVE-2020-24714,NETWORK,LOW,HIGH,HIGH,HIGH,9.8,CRITICAL,3.9,5.9,2020,Immediate Action
CVE-2020-25006,NETWORK,LOW,HIGH,HIGH,HIGH,9.8,CRITICAL,3.9,5.9,2020,Immediate Action
CVE-2020-25020,NETWORK,LOW,HIGH,HIGH,HIGH,9.8,CRITICAL,3.9,5.9,2020,Immediate Action
CVE-2020-25023,NETWORK,LOW,HIGH,HIGH,HIGH,9.8,CRITICAL,3.9,5.9,2020,Immediate Action
CVE-2020-25025,NETWORK,LOW,LOW,NONE,NONE,4.3,MEDIUM,2.8,1.4,2020,Allocate
CVE-2020-25032,NETWORK,LOW,HIGH,NONE,NONE,7.5,HIGH,3.9,3.6,2020,Immediate Action
CVE-2020-25050,NETWORK,LOW,HIGH,NONE,NONE,7.5,HIGH,3.9,3.6,2020,Immediate Action
CVE-2020-25056,NETWORK,LOW,NONE,HIGH,NONE,7.5,HIGH,3.9,3.6,2020,Immediate Action
CVE-2020-25068,NETWORK,LOW,HIGH,NONE,NONE,7.5,HIGH,3.9,3.6,2020,Immediate Action
CVE-2020-25073,NETWORK,LOW,LOW,NONE,NONE,5.3,MEDIUM,3.9,1.4,2020,Allocate
CVE-2020-25078,NETWORK,LOW,HIGH,NONE,NONE,7.5,HIGH,3.9,3.6,2020,Immediate Action
CVE-2020-25079,NETWORK,LOW,HIGH,HIGH,HIGH,8.8,HIGH,2.8,5.9,2020,Immediate Action
CVE-2020-25087,NETWORK,LOW,LOW,LOW,NONE,6.1,MEDIUM,2.8,2.7,2020,Allocate
CVE-2020-25088,NETWORK,LOW,LOW,LOW,NONE,6.1,MEDIUM,2.8,2.7,2020,Allocate
CVE-2020-25102,NETWORK,LOW,LOW,LOW,NONE,6.1,MEDIUM,2.8,2.7,2020,Allocate
CVE-2020-25248,NETWORK,LOW,HIGH,NONE,NONE,7.5,HIGH,3.9,3.6,2020,Immediate Action
CVE-2020-25249,NETWORK,LOW,NONE,LOW,NONE,5.3,MEDIUM,3.9,1.4,2020,Allocate
CVE-2020-25250,NETWORK,LOW,NONE,HIGH,NONE,7.5,HIGH,3.9,3.6,2020,Immediate Action
CVE-2020-25257,NETWORK,LOW,HIGH,HIGH,HIGH,9.8,CRITICAL,3.9,5.9,2020,Immediate Action
CVE-2020-25278,NETWORK,LOW,HIGH,HIGH,HIGH,9.8,CRITICAL,3.9,5.9,2020,Immediate Action
CVE-2020-25351,NETWORK,LOW,HIGH,NONE,NONE,6.5,MEDIUM,2.8,3.6,2020,Allocate
CVE-2020-25353,NETWORK,LOW,HIGH,NONE,NONE,6.5,MEDIUM,2.8,3.6,2020,Allocate
CVE-2020-25566,NETWORK,LOW,HIGH,HIGH,HIGH,9.8,CRITICAL,3.9,5.9,2020,Immediate Action
CVE-2020-25576,NETWORK,LOW,HIGH,HIGH,HIGH,9.8,CRITICAL,3.9,5.9,2020,Immediate Action
CVE-2020-25767,NETWORK,LOW,NONE,NONE,HIGH,7.5,HIGH,3.9,3.6,2020,Immediate Action
CVE-2020-28088,NETWORK,LOW,HIGH,HIGH,HIGH,9.8,CRITICAL,3.9,5.9,2020,Immediate Action
CVE-2020-28165,NETWORK,LOW,HIGH,HIGH,HIGH,9.8,CRITICAL,3.9,5.9,2020,Immediate Action
CVE-2020-3338,NETWORK,LOW,NONE,NONE,HIGH,7.5,HIGH,3.9,3.6,2020,Immediate Action
CVE-2020-3346,NETWORK,LOW,LOW,LOW,NONE,6.1,MEDIUM,2.8,2.7,2020,Allocate
CVE-2020-3398,NETWORK,LOW,NONE,NONE,HIGH,8.6,HIGH,3.9,4.0,2020,Immediate Action
CVE-2020-3451,NETWORK,LOW,LOW,LOW,LOW,4.7,MEDIUM,1.2,3.4,2020,Allocate
CVE-2020-3484,NETWORK,LOW,LOW,NONE,NONE,5.3,MEDIUM,3.9,1.4,2020,Allocate
CVE-2020-3490,NETWORK,LOW,HIGH,NONE,NONE,4.9,MEDIUM,1.2,3.6,2020,Allocate
CVE-2020-3491,NETWORK,LOW,LOW,LOW,NONE,4.8,MEDIUM,1.7,2.7,2020,Allocate
CVE-2020-3496,NETWORK,LOW,NONE,NONE,LOW,5.3,MEDIUM,3.9,1.4,2020,Allocate
CVE-2020-3501,NETWORK,LOW,LOW,NONE,NONE,4.1,MEDIUM,2.3,1.4,2020,Allocate
CVE-2020-3546,NETWORK,LOW,LOW,NONE,NONE,5.3,MEDIUM,3.9,1.4,2020,Allocate
CVE-2020-35633,NETWORK,LOW,HIGH,HIGH,HIGH,8.8,HIGH,2.8,5.9,2020,Immediate Action
CVE-2020-35683,NETWORK,LOW,NONE,NONE,HIGH,7.5,HIGH,3.9,3.6,2020,Immediate Action
CVE-2020-36443,NETWORK,LOW,HIGH,HIGH,HIGH,9.8,CRITICAL,3.9,5.9,2020,Immediate Action
CVE-2020-36444,NETWORK,HIGH,HIGH,HIGH,HIGH,8.1,HIGH,2.2,5.9,2020,Immediate Action
CVE-2020-36449,NETWORK,HIGH,HIGH,HIGH,HIGH,8.1,HIGH,2.2,5.9,2020,Immediate Action
CVE-2020-36460,NETWORK,HIGH,HIGH,HIGH,HIGH,8.1,HIGH,2.2,5.9,2020,Immediate Action
CVE-2020-36461,NETWORK,HIGH,HIGH,HIGH,HIGH,8.1,HIGH,2.2,5.9,2020,Immediate Action
CVE-2020-36465,NETWORK,LOW,NONE,NONE,HIGH,7.5,HIGH,3.9,3.6,2020,Immediate Action
CVE-2020-36468,NETWORK,HIGH,NONE,NONE,HIGH,5.9,MEDIUM,2.2,3.6,2020,Allocate
CVE-2020-36470,NETWORK,HIGH,NONE,NONE,HIGH,5.9,MEDIUM,2.2,3.6,2020,Allocate
CVE-2020-3976,NETWORK,LOW,NONE,NONE,LOW,5.3,MEDIUM,3.9,1.4,2020,Allocate
CVE-2020-4516,NETWORK,LOW,LOW,LOW,NONE,5.4,MEDIUM,2.3,2.7,2020,Allocate
CVE-2020-4698,NETWORK,LOW,LOW,LOW,NONE,5.4,MEDIUM,2.3,2.7,2020,Allocate
CVE-2020-4703,NETWORK,LOW,HIGH,HIGH,HIGH,8.0,HIGH,2.1,5.9,2020,Immediate Action
CVE-2020-5383,NETWORK,LOW,NONE,NONE,LOW,5.3,MEDIUM,3.9,1.4,2020,Allocate
CVE-2020-5620,NETWORK,LOW,LOW,LOW,NONE,5.4,MEDIUM,2.3,2.7,2020,Allocate
CVE-2020-5924,NETWORK,LOW,NONE,NONE,LOW,5.3,MEDIUM,3.9,1.4,2020,Allocate
CVE-2020-6118,NETWORK,LOW,HIGH,HIGH,HIGH,8.8,HIGH,2.8,5.9,2020,Immediate Action
CVE-2020-6125,NETWORK,LOW,HIGH,HIGH,HIGH,8.8,HIGH,2.8,5.9,2020,Immediate Action
CVE-2020-6127,NETWORK,LOW,HIGH,HIGH,HIGH,8.8,HIGH,2.8,5.9,2020,Immediate Action
CVE-2020-6131,NETWORK,LOW,HIGH,HIGH,HIGH,8.8,HIGH,2.8,5.9,2020,Immediate Action
CVE-2020-6137,NETWORK,LOW,HIGH,HIGH,HIGH,9.8,CRITICAL,3.9,5.9,2020,Immediate Action
CVE-2020-6145,NETWORK,LOW,HIGH,HIGH,HIGH,8.8,HIGH,2.8,5.9,2020,Immediate Action
CVE-2020-6283,NETWORK,LOW,LOW,LOW,NONE,6.1,MEDIUM,2.8,2.7,2020,Allocate
CVE-2020-6293,NETWORK,LOW,LOW,LOW,NONE,6.5,MEDIUM,3.9,2.5,2020,Allocate
CVE-2020-6301,NETWORK,LOW,HIGH,HIGH,NONE,8.1,HIGH,2.8,5.2,2020,Immediate Action
CVE-2020-6312,NETWORK,LOW,LOW,LOW,NONE,5.4,MEDIUM,2.3,2.7,2020,Allocate
CVE-2020-6322,NETWORK,LOW,NONE,NONE,LOW,4.3,MEDIUM,2.8,1.4,2020,Allocate
CVE-2020-6326,NETWORK,LOW,LOW,LOW,NONE,5.4,MEDIUM,2.3,2.7,2020,Allocate
CVE-2020-6327,NETWORK,LOW,NONE,NONE,LOW,4.3,MEDIUM,2.8,1.4,2020,Allocate
CVE-2020-6342,NETWORK,LOW,NONE,NONE,LOW,4.3,MEDIUM,2.8,1.4,2020,Allocate
CVE-2020-6350,NETWORK,LOW,NONE,NONE,LOW,4.3,MEDIUM,2.8,1.4,2020,Allocate
CVE-2020-6359,NETWORK,LOW,NONE,NONE,LOW,4.3,MEDIUM,2.8,1.4,2020,Allocate
CVE-2020-6360,NETWORK,LOW,NONE,NONE,LOW,4.3,MEDIUM,2.8,1.4,2020,Allocate
CVE-2020-7119,NETWORK,LOW,NONE,HIGH,NONE,4.9,MEDIUM,1.2,3.6,2020,Allocate
CVE-2020-7305,NETWORK,LOW,NONE,HIGH,NONE,6.5,MEDIUM,2.8,3.6,2020,Allocate
CVE-2020-7309,NETWORK,LOW,LOW,LOW,NONE,4.8,MEDIUM,1.7,2.7,2020,Allocate
CVE-2020-7525,NETWORK,LOW,HIGH,NONE,NONE,7.5,HIGH,3.9,3.6,2020,Immediate Action
CVE-2020-7669,NETWORK,LOW,NONE,HIGH,NONE,7.5,HIGH,3.9,3.6,2020,Immediate Action
CVE-2020-7702,NETWORK,LOW,HIGH,HIGH,HIGH,9.8,CRITICAL,3.9,5.9,2020,Immediate Action
CVE-2020-7704,NETWORK,LOW,HIGH,HIGH,HIGH,9.8,CRITICAL,3.9,5.9,2020,Immediate Action
CVE-2020-7710,NETWORK,LOW,HIGH,HIGH,HIGH,9.8,CRITICAL,3.9,5.9,2020,Immediate Action
CVE-2020-7713,NETWORK,LOW,HIGH,HIGH,HIGH,9.8,CRITICAL,3.9,5.9,2020,Immediate Action
CVE-2020-7730,NETWORK,LOW,HIGH,HIGH,HIGH,9.8,CRITICAL,3.9,5.9,2020,Immediate Action
CVE-2020-7863,NETWORK,LOW,HIGH,HIGH,HIGH,8.8,HIGH,2.8,5.9,2020,Immediate Action
CVE-2020-8208,NETWORK,LOW,LOW,LOW,NONE,6.1,MEDIUM,2.8,2.7,2020,Allocate
CVE-2020-8226,NETWORK,LOW,LOW,NONE,NONE,5.8,MEDIUM,3.9,1.4,2020,Allocate
CVE-2020-8602,NETWORK,LOW,HIGH,HIGH,HIGH,7.2,HIGH,1.2,5.9,2020,Immediate Action
CVE-2020-8620,NETWORK,LOW,NONE,NONE,HIGH,7.5,HIGH,3.9,3.6,2020,Immediate Action
CVE-2020-8688,NETWORK,LOW,NONE,NONE,HIGH,7.5,HIGH,3.9,3.6,2020,Immediate Action
CVE-2020-8904,NETWORK,LOW,NONE,HIGH,HIGH,9.6,CRITICAL,3.1,5.8,2020,Immediate Action
CVE-2020-9241,NETWORK,HIGH,LOW,LOW,HIGH,7.0,HIGH,2.2,4.7,2020,Immediate Action
CVE-2020-9717,NETWORK,LOW,HIGH,NONE,NONE,7.5,HIGH,3.9,3.6,2020,Immediate Action
CVE-2020-9721,NETWORK,LOW,HIGH,NONE,NONE,7.5,HIGH,3.9,3.6,2020,Immediate Action
CVE-2020-9733,NETWORK,LOW,HIGH,NONE,NONE,7.5,HIGH,3.9,3.6,2020,Immediate Action
CVE-2020-9738,NETWORK,LOW,LOW,LOW,NONE,4.8,MEDIUM,1.7,2.7,2020,Allocate
CVE-2020-9743,NETWORK,LOW,LOW,LOW,NONE,6.1,MEDIUM,2.8,2.7,2020,Allocate
CVE-2021-1578,NETWORK,LOW,HIGH,HIGH,HIGH,8.8,HIGH,2.8,5.9,2021,Immediate Action
CVE-2021-1592,NETWORK,LOW,NONE,NONE,LOW,4.3,MEDIUM,2.8,1.4,2021,Allocate
CVE-2021-20427,NETWORK,LOW,HIGH,NONE,NONE,7.5,HIGH,3.9,3.6,2021,Immediate Action
CVE-2021-20759,NETWORK,LOW,NONE,LOW,NONE,4.3,MEDIUM,2.8,1.4,2021,Allocate
CVE-2021-20764,NETWORK,LOW,NONE,LOW,NONE,5.3,MEDIUM,3.9,1.4,2021,Allocate
CVE-2021-20765,NETWORK,LOW,LOW,LOW,NONE,6.1,MEDIUM,2.8,2.7,2021,Allocate
CVE-2021-20772,NETWORK,LOW,LOW,NONE,NONE,4.3,MEDIUM,2.8,1.4,2021,Allocate
CVE-2021-20773,NETWORK,LOW,NONE,LOW,NONE,4.3,MEDIUM,2.8,1.4,2021,Allocate
CVE-2021-20774,NETWORK,LOW,LOW,LOW,NONE,5.4,MEDIUM,2.3,2.7,2021,Allocate
CVE-2021-20775,NETWORK,LOW,LOW,NONE,NONE,4.3,MEDIUM,2.8,1.4,2021,Allocate
CVE-2021-20812,NETWORK,LOW,LOW,LOW,NONE,6.1,MEDIUM,2.8,2.7,2021,Allocate
CVE-2021-21501,NETWORK,LOW,HIGH,NONE,NONE,7.5,HIGH,3.9,3.6,2021,Immediate Action
CVE-2021-21564,NETWORK,LOW,HIGH,HIGH,HIGH,9.8,CRITICAL,3.9,5.9,2021,Immediate Action
CVE-2021-21568,NETWORK,LOW,NONE,LOW,NONE,4.3,MEDIUM,2.8,1.4,2021,Allocate
CVE-2021-21585,NETWORK,LOW,HIGH,HIGH,HIGH,7.2,HIGH,1.2,5.9,2021,Immediate Action
CVE-2021-21741,NETWORK,LOW,HIGH,HIGH,HIGH,9.8,CRITICAL,3.9,5.9,2021,Immediate Action
CVE-2021-21778,NETWORK,LOW,NONE,NONE,HIGH,7.5,HIGH,3.9,3.6,2021,Immediate Action
CVE-2021-21805,NETWORK,LOW,HIGH,HIGH,HIGH,9.8,CRITICAL,3.9,5.9,2021,Immediate Action
CVE-2021-21810,NETWORK,LOW,HIGH,HIGH,HIGH,9.8,CRITICAL,3.9,5.9,2021,Immediate Action
CVE-2021-21829,NETWORK,LOW,HIGH,HIGH,HIGH,9.8,CRITICAL,3.9,5.9,2021,Immediate Action
CVE-2021-21837,NETWORK,LOW,HIGH,HIGH,HIGH,8.8,HIGH,2.8,5.9,2021,Immediate Action
CVE-2021-21858,NETWORK,LOW,HIGH,HIGH,HIGH,8.8,HIGH,2.8,5.9,2021,Immediate Action
CVE-2021-22022,NETWORK,LOW,HIGH,NONE,NONE,4.9,MEDIUM,1.2,3.6,2021,Allocate
CVE-2021-22249,NETWORK,LOW,LOW,NONE,NONE,4.3,MEDIUM,2.8,1.4,2021,Allocate
CVE-2021-22250,NETWORK,LOW,LOW,LOW,NONE,5.4,MEDIUM,2.8,2.5,2021,Allocate
CVE-2021-22255,NETWORK,LOW,HIGH,NONE,NONE,6.5,MEDIUM,2.8,3.6,2021,Allocate
CVE-2021-22449,NETWORK,LOW,NONE,HIGH,NONE,7.5,HIGH,3.9,3.6,2021,Immediate Action
CVE-2021-23423,NETWORK,LOW,HIGH,NONE,NONE,7.5,HIGH,3.9,3.6,2021,Immediate Action
CVE-2021-24410,NETWORK,LOW,LOW,LOW,NONE,6.1,MEDIUM,2.8,2.7,2021,Allocate
CVE-2021-24500,NETWORK,LOW,NONE,HIGH,HIGH,8.1,HIGH,2.8,5.2,2021,Immediate Action
CVE-2021-24520,NETWORK,LOW,HIGH,HIGH,HIGH,8.8,HIGH,2.8,5.9,2021,Immediate Action
CVE-2021-24526,NETWORK,LOW,LOW,LOW,NONE,5.4,MEDIUM,2.3,2.7,2021,Allocate
CVE-2021-24529,NETWORK,LOW,LOW,LOW,NONE,5.4,MEDIUM,2.3,2.7,2021,Allocate
CVE-2021-24562,NETWORK,LOW,HIGH,NONE,NONE,7.5,HIGH,3.9,3.6,2021,Immediate Action
CVE-2021-24658,NETWORK,LOW,LOW,LOW,NONE,4.8,MEDIUM,1.7,2.7,2021,Allocate
CVE-2021-26086,NETWORK,LOW,LOW,NONE,NONE,5.3,MEDIUM,3.9,1.4,2021,Allocate
CVE-2021-26433,NETWORK,LOW,HIGH,NONE,NONE,7.5,HIGH,3.9,3.6,2021,Immediate Action
CVE-2021-27018,NETWORK,LOW,NONE,HIGH,NONE,7.5,HIGH,3.9,3.6,2021,Immediate Action
CVE-2021-27020,NETWORK,LOW,HIGH,HIGH,HIGH,8.8,HIGH,2.8,5.9,2021,Immediate Action
CVE-2021-27557,NETWORK,LOW,NONE,LOW,NONE,4.3,MEDIUM,2.8,1.4,2021,Allocate
CVE-2021-27663,NETWORK,LOW,HIGH,HIGH,HIGH,9.8,CRITICAL,3.9,5.9,2021,Immediate Action
CVE-2021-27822,NETWORK,LOW,LOW,LOW,NONE,4.8,MEDIUM,1.7,2.7,2021,Allocate
CVE-2021-28001,NETWORK,LOW,LOW,LOW,NONE,5.4,MEDIUM,2.3,2.7,2021,Allocate
CVE-2021-28070,NETWORK,LOW,NONE,LOW,NONE,4.3,MEDIUM,2.8,1.4,2021,Allocate
CVE-2021-28625,NETWORK,LOW,LOW,LOW,NONE,6.1,MEDIUM,2.8,2.7,2021,Allocate
CVE-2021-28842,NETWORK,LOW,NONE,NONE,HIGH,7.5,HIGH,3.9,3.6,2021,Immediate Action
CVE-2021-28843,NETWORK,LOW,NONE,NONE,HIGH,7.5,HIGH,3.9,3.6,2021,Immediate Action
CVE-2021-29400,NETWORK,LOW,NONE,HIGH,NONE,6.5,MEDIUM,2.8,3.6,2021,Allocate
CVE-2021-29487,NETWORK,HIGH,HIGH,HIGH,NONE,7.4,HIGH,2.2,5.2,2021,Immediate Action
CVE-2021-29704,NETWORK,LOW,HIGH,NONE,NONE,7.5,HIGH,3.9,3.6,2021,Immediate Action
CVE-2021-29723,NETWORK,LOW,HIGH,NONE,NONE,7.5,HIGH,3.9,3.6,2021,Immediate Action
CVE-2021-29744,NETWORK,LOW,LOW,LOW,NONE,5.4,MEDIUM,2.3,2.7,2021,Allocate
CVE-2021-29923,NETWORK,LOW,NONE,HIGH,NONE,7.5,HIGH,3.9,3.6,2021,Immediate Action
CVE-2021-29982,NETWORK,LOW,HIGH,NONE,NONE,6.5,MEDIUM,2.8,3.6,2021,Allocate
CVE-2021-29986,NETWORK,HIGH,HIGH,HIGH,HIGH,8.1,HIGH,2.2,5.9,2021,Immediate Action
CVE-2021-29987,NETWORK,LOW,HIGH,NONE,NONE,6.5,MEDIUM,2.8,3.6,2021,Allocate
CVE-2021-29990,NETWORK,LOW,HIGH,HIGH,HIGH,8.8,HIGH,2.8,5.9,2021,Immediate Action
CVE-2021-30601,NETWORK,LOW,HIGH,HIGH,HIGH,8.8,HIGH,2.8,5.9,2021,Immediate Action
CVE-2021-30604,NETWORK,LOW,HIGH,HIGH,HIGH,8.8,HIGH,2.8,5.9,2021,Immediate Action
CVE-2021-30851,NETWORK,LOW,HIGH,HIGH,HIGH,8.8,HIGH,2.8,5.9,2021,Immediate Action
CVE-2021-30874,NETWORK,LOW,NONE,HIGH,NONE,7.5,HIGH,3.9,3.6,2021,Immediate Action
CVE-2021-30888,NETWORK,LOW,HIGH,NONE,NONE,7.4,HIGH,2.8,4.0,2021,Immediate Action
CVE-2021-30930,NETWORK,LOW,LOW,NONE,NONE,5.3,MEDIUM,3.9,1.4,2021,Allocate
CVE-2021-31008,NETWORK,LOW,HIGH,HIGH,HIGH,8.8,HIGH,2.8,5.9,2021,Immediate Action
CVE-2021-31009,NETWORK,LOW,HIGH,HIGH,HIGH,9.8,CRITICAL,3.9,5.9,2021,Immediate Action
CVE-2021-31010,NETWORK,LOW,NONE,HIGH,NONE,7.5,HIGH,3.9,3.6,2021,Immediate Action
CVE-2021-31867,NETWORK,LOW,HIGH,NONE,NONE,7.5,HIGH,3.9,3.6,2021,Immediate Action
CVE-2021-3264,NETWORK,LOW,HIGH,HIGH,HIGH,7.2,HIGH,1.2,5.9,2021,Immediate Action
CVE-2021-32768,NETWORK,LOW,LOW,LOW,NONE,6.1,MEDIUM,2.8,2.7,2021,Allocate
CVE-2021-32798,NETWORK,LOW,HIGH,HIGH,HIGH,9.6,CRITICAL,2.8,6.0,2021,Immediate Action
CVE-2021-32809,NETWORK,LOW,LOW,LOW,NONE,5.4,MEDIUM,2.3,2.7,2021,Allocate
CVE-2021-32955,NETWORK,LOW,HIGH,HIGH,HIGH,9.8,CRITICAL,3.9,5.9,2021,Immediate Action
CVE-2021-33885,NETWORK,LOW,HIGH,HIGH,HIGH,9.8,CRITICAL,3.9,5.9,2021,Immediate Action
CVE-2021-34434,NETWORK,LOW,LOW,NONE,NONE,5.3,MEDIUM,3.9,1.4,2021,Allocate
CVE-2021-34480,NETWORK,LOW,HIGH,HIGH,HIGH,8.8,HIGH,2.8,5.9,2021,Immediate Action
CVE-2021-34535,NETWORK,LOW,HIGH,HIGH,HIGH,8.8,HIGH,2.8,5.9,2021,Immediate Action
CVE-2021-34634,NETWORK,LOW,HIGH,HIGH,HIGH,8.8,HIGH,2.8,5.9,2021,Immediate Action
CVE-2021-34645,NETWORK,LOW,HIGH,HIGH,HIGH,8.8,HIGH,2.8,5.9,2021,Immediate Action
CVE-2021-34655,NETWORK,LOW,LOW,LOW,NONE,6.1,MEDIUM,2.8,2.7,2021,Allocate
CVE-2021-34657,NETWORK,LOW,LOW,LOW,NONE,6.1,MEDIUM,2.8,2.7,2021,Allocate
CVE-2021-35213,NETWORK,LOW,HIGH,HIGH,HIGH,8.8,HIGH,2.8,5.9,2021,Immediate Action
CVE-2021-35220,NETWORK,LOW,HIGH,HIGH,HIGH,7.2,HIGH,1.2,5.9,2021,Immediate Action
CVE-2021-36231,NETWORK,LOW,HIGH,HIGH,HIGH,8.8,HIGH,2.8,5.9,2021,Immediate Action
CVE-2021-3642,NETWORK,HIGH,HIGH,NONE,NONE,5.3,MEDIUM,1.6,3.6,2021,Allocate
CVE-2021-36692,NETWORK,LOW,NONE,NONE,HIGH,6.5,MEDIUM,2.8,3.6,2021,Allocate
CVE-2021-36705,NETWORK,LOW,HIGH,HIGH,HIGH,9.8,CRITICAL,3.9,5.9,2021,Immediate Action
CVE-2021-36707,NETWORK,LOW,HIGH,HIGH,HIGH,9.8,CRITICAL,3.9,5.9,2021,Immediate Action
CVE-2021-36708,NETWORK,LOW,HIGH,NONE,NONE,7.5,HIGH,3.9,3.6,2021,Immediate Action
CVE-2021-36788,NETWORK,LOW,LOW,LOW,NONE,5.4,MEDIUM,2.3,2.7,2021,Allocate
CVE-2021-36791,NETWORK,LOW,LOW,NONE,NONE,5.3,MEDIUM,3.9,1.4,2021,Allocate
CVE-2021-36793,NETWORK,LOW,HIGH,NONE,NONE,7.5,HIGH,3.9,3.6,2021,Immediate Action
CVE-2021-36801,NETWORK,LOW,HIGH,HIGH,NONE,8.1,HIGH,2.8,5.2,2021,Immediate Action
CVE-2021-36803,NETWORK,LOW,LOW,LOW,NONE,5.4,MEDIUM,2.3,2.7,2021,Allocate
CVE-2021-3692,NETWORK,LOW,LOW,NONE,NONE,5.3,MEDIUM,3.9,1.4,2021,Allocate
CVE-2021-36982,NETWORK,HIGH,HIGH,HIGH,HIGH,8.1,HIGH,2.2,5.9,2021,Immediate Action
CVE-2021-37213,NETWORK,LOW,LOW,NONE,NONE,4.3,MEDIUM,2.8,1.4,2021,Allocate
CVE-2021-37222,NETWORK,LOW,HIGH,HIGH,HIGH,9.8,CRITICAL,3.9,5.9,2021,Immediate Action
CVE-2021-37326,NETWORK,LOW,LOW,NONE,NONE,5.3,MEDIUM,3.9,1.4,2021,Allocate
CVE-2021-37346,NETWORK,LOW,HIGH,HIGH,HIGH,9.8,CRITICAL,3.9,5.9,2021,Immediate Action
CVE-2021-37350,NETWORK,LOW,HIGH,HIGH,HIGH,9.8,CRITICAL,3.9,5.9,2021,Immediate Action
CVE-2021-37545,NETWORK,LOW,NONE,HIGH,NONE,7.5,HIGH,3.9,3.6,2021,Immediate Action
CVE-2021-37554,NETWORK,LOW,LOW,NONE,NONE,4.3,MEDIUM,2.8,1.4,2021,Allocate
CVE-2021-37597,NETWORK,LOW,HIGH,HIGH,HIGH,9.8,CRITICAL,3.9,5.9,2021,Immediate Action
CVE-2021-37614,NETWORK,LOW,HIGH,HIGH,HIGH,8.8,HIGH,2.8,5.9,2021,Immediate Action
CVE-2021-37625,NETWORK,LOW,NONE,NONE,HIGH,7.5,HIGH,3.9,3.6,2021,Immediate Action
CVE-2021-37710,NETWORK,LOW,LOW,LOW,NONE,5.4,MEDIUM,2.3,2.7,2021,Allocate
CVE-2021-38148,NETWORK,LOW,HIGH,HIGH,HIGH,9.8,CRITICAL,3.9,5.9,2021,Immediate Action
CVE-2021-38171,NETWORK,LOW,HIGH,HIGH,HIGH,9.8,CRITICAL,3.9,5.9,2021,Immediate Action
CVE-2021-38192,NETWORK,LOW,NONE,NONE,HIGH,7.5,HIGH,3.9,3.6,2021,Immediate Action
CVE-2021-38197,NETWORK,LOW,HIGH,HIGH,HIGH,9.8,CRITICAL,3.9,5.9,2021,Immediate Action
CVE-2021-38201,NETWORK,LOW,NONE,NONE,HIGH,7.5,HIGH,3.9,3.6,2021,Immediate Action
CVE-2021-38207,NETWORK,LOW,NONE,NONE,HIGH,7.5,HIGH,3.9,3.6,2021,Immediate Action
CVE-2021-38315,NETWORK,LOW,LOW,LOW,NONE,6.1,MEDIUM,2.8,2.7,2021,Allocate
CVE-2021-38380,NETWORK,LOW,NONE,NONE,HIGH,7.5,HIGH,3.9,3.6,2021,Immediate Action
CVE-2021-38382,NETWORK,LOW,NONE,NONE,HIGH,6.5,MEDIUM,2.8,3.6,2021,Allocate
CVE-2021-38390,NETWORK,LOW,HIGH,HIGH,HIGH,9.8,CRITICAL,3.9,5.9,2021,Immediate Action
CVE-2021-38514,NETWORK,LOW,LOW,NONE,NONE,2.7,LOW,1.2,1.4,2021,Defer
CVE-2021-38516,NETWORK,LOW,HIGH,HIGH,HIGH,9.8,CRITICAL,3.9,5.9,2021,Immediate Action
CVE-2021-38521,NETWORK,LOW,HIGH,HIGH,HIGH,7.2,HIGH,1.2,5.9,2021,Immediate Action
CVE-2021-38522,NETWORK,LOW,HIGH,HIGH,HIGH,7.2,HIGH,1.2,5.9,2021,Immediate Action
CVE-2021-38563,NETWORK,LOW,HIGH,HIGH,HIGH,9.8,CRITICAL,3.9,5.9,2021,Immediate Action
CVE-2021-38567,NETWORK,LOW,NONE,NONE,HIGH,7.5,HIGH,3.9,3.6,2021,Immediate Action
CVE-2021-38568,NETWORK,LOW,HIGH,HIGH,HIGH,9.8,CRITICAL,3.9,5.9,2021,Immediate Action
CVE-2021-38583,NETWORK,LOW,LOW,LOW,NONE,6.1,MEDIUM,2.8,2.7,2021,Allocate
CVE-2021-38585,NETWORK,LOW,HIGH,HIGH,HIGH,7.2,HIGH,1.2,5.9,2021,Immediate Action
CVE-2021-38589,NETWORK,LOW,NONE,HIGH,HIGH,8.1,HIGH,2.8,5.2,2021,Immediate Action
CVE-2021-38592,NETWORK,LOW,NONE,NONE,HIGH,7.5,HIGH,3.9,3.6,2021,Immediate Action
CVE-2021-38602,NETWORK,LOW,LOW,LOW,NONE,4.8,MEDIUM,1.7,2.7,2021,Allocate
CVE-2021-38604,NETWORK,LOW,NONE,NONE,HIGH,7.5,HIGH,3.9,3.6,2021,Immediate Action
CVE-2021-38751,NETWORK,LOW,NONE,LOW,NONE,4.3,MEDIUM,2.8,1.4,2021,Allocate
CVE-2021-39113,NETWORK,LOW,HIGH,NONE,NONE,7.5,HIGH,3.9,3.6,2021,Immediate Action
CVE-2021-39136,NETWORK,LOW,LOW,LOW,NONE,5.4,MEDIUM,2.3,2.7,2021,Allocate
CVE-2021-39244,NETWORK,LOW,HIGH,HIGH,HIGH,8.8,HIGH,2.8,5.9,2021,Immediate Action
CVE-2021-39267,NETWORK,LOW,LOW,LOW,NONE,6.1,MEDIUM,2.8,2.7,2021,Allocate
CVE-2021-39271,NETWORK,LOW,HIGH,HIGH,HIGH,8.8,HIGH,2.8,5.9,2021,Immediate Action
CVE-2021-39272,NETWORK,HIGH,HIGH,NONE,NONE,5.9,MEDIUM,2.2,3.6,2021,Allocate
CVE-2021-39274,NETWORK,LOW,HIGH,HIGH,HIGH,9.8,CRITICAL,3.9,5.9,2021,Immediate Action
CVE-2021-39282,NETWORK,LOW,NONE,NONE,HIGH,7.5,HIGH,3.9,3.6,2021,Immediate Action
CVE-2021-39316,NETWORK,LOW,HIGH,NONE,NONE,7.5,HIGH,3.9,3.6,2021,Immediate Action
CVE-2021-39359,NETWORK,HIGH,HIGH,NONE,NONE,5.9,MEDIUM,2.2,3.6,2021,Allocate
CVE-2021-39361,NETWORK,HIGH,HIGH,NONE,NONE,5.9,MEDIUM,2.2,3.6,2021,Allocate
CVE-2021-39602,NETWORK,LOW,NONE,NONE,HIGH,6.5,MEDIUM,2.8,3.6,2021,Allocate
CVE-2021-40083,NETWORK,LOW,NONE,NONE,HIGH,7.5,HIGH,3.9,3.6,2021,Immediate Action
CVE-2021-40174,NETWORK,LOW,HIGH,HIGH,HIGH,8.8,HIGH,2.8,5.9,2021,Immediate Action
CVE-2021-40177,NETWORK,LOW,HIGH,HIGH,HIGH,9.8,CRITICAL,3.9,5.9,2021,Immediate Action
CVE-2021-40178,NETWORK,LOW,LOW,LOW,NONE,6.1,MEDIUM,2.8,2.7,2021,Allocate
CVE-2016-10905,LOCAL,LOW,HIGH,HIGH,HIGH,7.8,HIGH,1.8,5.9,2016,Immediate Action
CVE-2017-10662,LOCAL,LOW,HIGH,HIGH,HIGH,7.8,HIGH,1.8,5.9,2017,Immediate Action
CVE-2017-11657,LOCAL,LOW,HIGH,HIGH,HIGH,7.3,HIGH,1.3,5.9,2017,Immediate Action
CVE-2017-12809,LOCAL,LOW,NONE,NONE,HIGH,6.5,MEDIUM,2.0,4.0,2017,Allocate
CVE-2017-13760,LOCAL,LOW,NONE,NONE,HIGH,5.5,MEDIUM,1.8,3.6,2017,Allocate
CVE-2017-14167,LOCAL,LOW,HIGH,HIGH,HIGH,8.8,HIGH,2.0,6.0,2017,Immediate Action
CVE-2017-1679,LOCAL,LOW,HIGH,NONE,NONE,5.5,MEDIUM,1.8,3.6,2017,Allocate
CVE-2017-18551,LOCAL,LOW,HIGH,HIGH,HIGH,6.7,MEDIUM,0.8,5.9,2017,Allocate
CVE-2017-2870,LOCAL,LOW,HIGH,HIGH,HIGH,7.8,HIGH,1.8,5.9,2017,Immediate Action
CVE-2017-9095,LOCAL,LOW,HIGH,NONE,NONE,5.5,MEDIUM,1.8,3.6,2017,Allocate
CVE-2018-14791,LOCAL,LOW,HIGH,HIGH,HIGH,7.8,HIGH,1.8,5.9,2018,Immediate Action
CVE-2018-14797,LOCAL,LOW,HIGH,HIGH,HIGH,7.8,HIGH,1.8,5.9,2018,Immediate Action
CVE-2018-1633,LOCAL,LOW,HIGH,HIGH,HIGH,6.7,MEDIUM,0.8,5.9,2018,Allocate
CVE-2018-18630,LOCAL,LOW,HIGH,HIGH,HIGH,7.8,HIGH,1.8,5.9,2018,Immediate Action
CVE-2018-6557,LOCAL,HIGH,HIGH,HIGH,HIGH,7.0,HIGH,1.0,5.9,2018,Immediate Action
CVE-2019-10378,LOCAL,LOW,LOW,LOW,LOW,5.3,MEDIUM,1.8,3.4,2019,Allocate
CVE-2019-11849,LOCAL,LOW,HIGH,HIGH,HIGH,6.7,MEDIUM,0.8,5.9,2019,Allocate
CVE-2019-12400,LOCAL,LOW,NONE,HIGH,NONE,5.5,MEDIUM,1.8,3.6,2019,Allocate
CVE-2019-12807,LOCAL,LOW,HIGH,HIGH,HIGH,7.8,HIGH,1.8,5.9,2019,Immediate Action
CVE-2019-13013,LOCAL,LOW,HIGH,NONE,NONE,5.5,MEDIUM,1.8,3.6,2019,Allocate
CVE-2019-13104,LOCAL,LOW,HIGH,HIGH,HIGH,7.8,HIGH,1.8,5.9,2019,Immediate Action
CVE-2019-13512,LOCAL,LOW,LOW,NONE,NONE,3.3,LOW,1.8,1.4,2019,Defer
CVE-2019-14783,LOCAL,LOW,NONE,HIGH,NONE,5.5,MEDIUM,1.8,3.6,2019,Allocate
CVE-2019-15143,LOCAL,LOW,NONE,NONE,HIGH,5.5,MEDIUM,1.8,3.6,2019,Allocate
CVE-2019-15144,LOCAL,LOW,NONE,NONE,HIGH,5.5,MEDIUM,1.8,3.6,2019,Allocate
CVE-2019-15145,LOCAL,LOW,NONE,NONE,HIGH,5.5,MEDIUM,1.8,3.6,2019,Allocate
CVE-2019-15807,LOCAL,HIGH,NONE,NONE,HIGH,4.7,MEDIUM,1.0,3.6,2019,Allocate
CVE-2019-15917,LOCAL,HIGH,HIGH,HIGH,HIGH,7.0,HIGH,1.0,5.9,2019,Immediate Action
CVE-2019-15925,LOCAL,LOW,HIGH,HIGH,HIGH,7.8,HIGH,1.8,5.9,2019,Immediate Action
CVE-2019-16115,LOCAL,LOW,HIGH,HIGH,HIGH,7.8,HIGH,1.8,5.9,2019,Immediate Action
CVE-2019-1926,LOCAL,LOW,HIGH,HIGH,HIGH,7.8,HIGH,1.8,5.9,2019,Immediate Action
CVE-2019-1927,LOCAL,LOW,HIGH,HIGH,HIGH,7.8,HIGH,1.8,5.9,2019,Immediate Action
CVE-2019-1928,LOCAL,LOW,HIGH,HIGH,HIGH,7.8,HIGH,1.8,5.9,2019,Immediate Action
CVE-2019-1944,LOCAL,LOW,HIGH,HIGH,HIGH,7.3,HIGH,1.3,5.9,2019,Immediate Action
CVE-2019-1952,LOCAL,LOW,HIGH,HIGH,HIGH,6.7,MEDIUM,0.8,5.9,2019,Allocate
CVE-2019-1966,LOCAL,LOW,HIGH,HIGH,HIGH,7.8,HIGH,1.8,5.9,2019,Immediate Action
CVE-2019-3637,LOCAL,LOW,HIGH,HIGH,HIGH,6.7,MEDIUM,0.8,5.9,2019,Allocate
CVE-2019-4420,LOCAL,LOW,HIGH,NONE,NONE,6.2,MEDIUM,2.5,3.6,2019,Allocate
CVE-2019-4693,LOCAL,LOW,HIGH,NONE,NONE,4.4,MEDIUM,0.8,3.6,2019,Allocate
CVE-2019-5478,LOCAL,LOW,NONE,HIGH,NONE,5.5,MEDIUM,1.8,3.6,2019,Allocate
CVE-2019-9245,LOCAL,LOW,HIGH,NONE,NONE,4.4,MEDIUM,0.8,3.6,2019,Allocate
CVE-2019-9248,LOCAL,LOW,HIGH,HIGH,HIGH,6.7,MEDIUM,0.8,5.9,2019,Allocate
CVE-2019-9271,LOCAL,HIGH,HIGH,HIGH,HIGH,6.4,MEDIUM,0.5,5.9,2019,Allocate
CVE-2019-9275,LOCAL,LOW,HIGH,HIGH,HIGH,6.7,MEDIUM,0.8,5.9,2019,Allocate
CVE-2019-9443,LOCAL,LOW,HIGH,HIGH,HIGH,6.7,MEDIUM,0.8,5.9,2019,Allocate
CVE-2019-9450,LOCAL,HIGH,HIGH,HIGH,HIGH,6.4,MEDIUM,0.5,5.9,2019,Allocate
CVE-2020-0108,LOCAL,LOW,HIGH,HIGH,HIGH,7.8,HIGH,1.8,5.9,2020,Immediate Action
CVE-2020-0243,LOCAL,LOW,HIGH,HIGH,HIGH,7.8,HIGH,1.8,5.9,2020,Immediate Action
CVE-2020-0259,LOCAL,LOW,HIGH,HIGH,HIGH,7.8,HIGH,1.8,5.9,2020,Immediate Action
CVE-2020-0553,LOCAL,LOW,HIGH,NONE,NONE,4.4,MEDIUM,0.8,3.6,2020,Allocate
CVE-2020-0554,LOCAL,HIGH,HIGH,HIGH,HIGH,7.0,HIGH,1.0,5.9,2020,Immediate Action
CVE-2020-0559,LOCAL,LOW,HIGH,HIGH,HIGH,7.8,HIGH,1.8,5.9,2020,Immediate Action
CVE-2020-0570,LOCAL,LOW,HIGH,HIGH,HIGH,7.3,HIGH,1.3,5.9,2020,Immediate Action
CVE-2020-10773,LOCAL,LOW,HIGH,NONE,NONE,4.4,MEDIUM,0.8,3.6,2020,Allocate
CVE-2020-12287,LOCAL,LOW,HIGH,HIGH,HIGH,7.8,HIGH,1.8,5.9,2020,Immediate Action
CVE-2020-12299,LOCAL,LOW,HIGH,HIGH,HIGH,8.2,HIGH,1.5,6.0,2020,Immediate Action
CVE-2020-13179,LOCAL,LOW,HIGH,NONE,NONE,5.5,MEDIUM,1.8,3.6,2020,Allocate
CVE-2020-13522,LOCAL,LOW,NONE,HIGH,HIGH,7.1,HIGH,1.8,5.2,2020,Immediate Action
CVE-2020-13523,LOCAL,LOW,LOW,NONE,NONE,3.3,LOW,1.8,1.4,2020,Defer
CVE-2020-14346,LOCAL,LOW,HIGH,HIGH,HIGH,7.8,HIGH,1.8,5.9,2020,Immediate Action
CVE-2020-15480,LOCAL,LOW,HIGH,HIGH,HIGH,8.8,HIGH,2.0,6.0,2020,Immediate Action
CVE-2020-15482,LOCAL,LOW,HIGH,HIGH,HIGH,7.8,HIGH,1.8,5.9,2020,Immediate Action
CVE-2020-15702,LOCAL,HIGH,HIGH,HIGH,HIGH,7.0,HIGH,1.0,5.9,2020,Immediate Action
CVE-2020-15709,LOCAL,LOW,NONE,HIGH,NONE,5.5,MEDIUM,1.8,3.6,2020,Allocate
CVE-2020-15777,LOCAL,LOW,HIGH,HIGH,HIGH,7.8,HIGH,1.8,5.9,2020,Immediate Action
CVE-2020-15862,LOCAL,LOW,HIGH,HIGH,HIGH,7.8,HIGH,1.8,5.9,2020,Immediate Action
CVE-2020-16207,LOCAL,LOW,HIGH,HIGH,HIGH,7.8,HIGH,1.8,5.9,2020,Immediate Action
CVE-2020-16223,LOCAL,LOW,HIGH,HIGH,HIGH,7.8,HIGH,1.8,5.9,2020,Immediate Action
CVE-2020-16287,LOCAL,LOW,NONE,NONE,HIGH,5.5,MEDIUM,1.8,3.6,2020,Allocate
CVE-2020-16290,LOCAL,LOW,NONE,NONE,HIGH,5.5,MEDIUM,1.8,3.6,2020,Allocate
CVE-2020-16291,LOCAL,LOW,NONE,NONE,HIGH,5.5,MEDIUM,1.8,3.6,2020,Allocate
CVE-2020-16292,LOCAL,LOW,NONE,NONE,HIGH,5.5,MEDIUM,1.8,3.6,2020,Allocate
CVE-2020-16293,LOCAL,LOW,NONE,NONE,HIGH,5.5,MEDIUM,1.8,3.6,2020,Allocate
CVE-2020-16297,LOCAL,LOW,NONE,NONE,HIGH,5.5,MEDIUM,1.8,3.6,2020,Allocate
CVE-2020-16299,LOCAL,LOW,NONE,NONE,HIGH,5.5,MEDIUM,1.8,3.6,2020,Allocate
CVE-2020-16301,LOCAL,LOW,NONE,NONE,HIGH,5.5,MEDIUM,1.8,3.6,2020,Allocate
CVE-2020-16303,LOCAL,LOW,HIGH,HIGH,HIGH,7.8,HIGH,1.8,5.9,2020,Immediate Action
CVE-2020-16309,LOCAL,LOW,NONE,NONE,HIGH,5.5,MEDIUM,1.8,3.6,2020,Allocate
CVE-2020-17367,LOCAL,LOW,HIGH,HIGH,HIGH,7.8,HIGH,1.8,5.9,2020,Immediate Action
CVE-2020-17391,LOCAL,LOW,HIGH,NONE,NONE,6.5,MEDIUM,2.0,4.0,2020,Allocate
CVE-2020-17392,LOCAL,LOW,HIGH,HIGH,HIGH,8.8,HIGH,2.0,6.0,2020,Immediate Action
CVE-2020-17393,LOCAL,LOW,HIGH,NONE,NONE,6.5,MEDIUM,2.0,4.0,2020,Allocate
CVE-2020-17398,LOCAL,LOW,HIGH,NONE,NONE,6.5,MEDIUM,2.0,4.0,2020,Allocate
CVE-2020-17404,LOCAL,LOW,HIGH,HIGH,HIGH,7.8,HIGH,1.8,5.9,2020,Immediate Action
CVE-2020-17448,LOCAL,LOW,HIGH,HIGH,HIGH,7.8,HIGH,1.8,5.9,2020,Immediate Action
CVE-2020-18900,LOCAL,LOW,NONE,NONE,LOW,3.3,LOW,1.8,1.4,2020,Defer
CVE-2020-2043,LOCAL,LOW,LOW,NONE,NONE,3.3,LOW,1.8,1.4,2020,Defer
CVE-2020-21678,LOCAL,LOW,NONE,NONE,HIGH,5.5,MEDIUM,1.8,3.6,2020,Allocate
CVE-2020-21683,LOCAL,LOW,NONE,NONE,HIGH,5.5,MEDIUM,1.8,3.6,2020,Allocate
CVE-2020-21684,LOCAL,LOW,NONE,NONE,HIGH,5.5,MEDIUM,1.8,3.6,2020,Allocate
CVE-2020-22352,LOCAL,LOW,NONE,NONE,HIGH,5.5,MEDIUM,1.8,3.6,2020,Allocate
CVE-2020-2249,LOCAL,LOW,LOW,NONE,NONE,3.3,LOW,1.8,1.4,2020,Defer
CVE-2020-22722,LOCAL,LOW,HIGH,HIGH,HIGH,7.8,HIGH,1.8,5.9,2020,Immediate Action
CVE-2020-23834,LOCAL,LOW,HIGH,HIGH,HIGH,7.8,HIGH,1.8,5.9,2020,Immediate Action
CVE-2020-24160,LOCAL,LOW,HIGH,HIGH,HIGH,7.8,HIGH,1.8,5.9,2020,Immediate Action
CVE-2020-24164,LOCAL,LOW,HIGH,HIGH,HIGH,7.8,HIGH,1.8,5.9,2020,Immediate Action
CVE-2020-24242,LOCAL,LOW,NONE,NONE,HIGH,5.5,MEDIUM,1.8,3.6,2020,Allocate
CVE-2020-24331,LOCAL,LOW,HIGH,HIGH,HIGH,7.8,HIGH,1.8,5.9,2020,Immediate Action
CVE-2020-24344,LOCAL,LOW,HIGH,NONE,HIGH,7.1,HIGH,1.8,5.2,2020,Immediate Action
CVE-2020-24558,LOCAL,LOW,HIGH,NONE,HIGH,7.1,HIGH,1.8,5.2,2020,Immediate Action
CVE-2020-24559,LOCAL,LOW,HIGH,HIGH,HIGH,7.8,HIGH,1.8,5.9,2020,Immediate Action
CVE-2020-24567,LOCAL,LOW,HIGH,HIGH,HIGH,7.8,HIGH,1.8,5.9,2020,Immediate Action
CVE-2020-24823,LOCAL,LOW,NONE,NONE,HIGH,5.5,MEDIUM,1.8,3.6,2020,Allocate
CVE-2020-24824,LOCAL,LOW,NONE,NONE,HIGH,5.5,MEDIUM,1.8,3.6,2020,Allocate
CVE-2020-24826,LOCAL,LOW,NONE,NONE,HIGH,5.5,MEDIUM,1.8,3.6,2020,Allocate
CVE-2020-24996,LOCAL,LOW,HIGH,HIGH,HIGH,7.8,HIGH,1.8,5.9,2020,Immediate Action
CVE-2020-25044,LOCAL,LOW,NONE,HIGH,HIGH,7.1,HIGH,1.8,5.2,2020,Immediate Action
CVE-2020-25212,LOCAL,HIGH,HIGH,HIGH,HIGH,7.0,HIGH,1.0,5.9,2020,Immediate Action
CVE-2020-25289,LOCAL,LOW,NONE,HIGH,NONE,5.5,MEDIUM,1.8,3.6,2020,Allocate
CVE-2020-25291,LOCAL,LOW,HIGH,HIGH,HIGH,7.8,HIGH,1.8,5.9,2020,Immediate Action
CVE-2020-3433,LOCAL,LOW,HIGH,HIGH,HIGH,7.8,HIGH,1.8,5.9,2020,Immediate Action
CVE-2020-3435,LOCAL,LOW,NONE,HIGH,NONE,5.5,MEDIUM,1.8,3.6,2020,Allocate
CVE-2020-3473,LOCAL,LOW,HIGH,HIGH,HIGH,7.8,HIGH,1.8,5.9,2020,Immediate Action
CVE-2020-3674,LOCAL,LOW,HIGH,NONE,NONE,5.5,MEDIUM,1.8,3.6,2020,Allocate
CVE-2020-4344,LOCAL,LOW,LOW,NONE,NONE,3.3,LOW,1.8,1.4,2020,Defer
CVE-2020-4492,LOCAL,LOW,NONE,NONE,HIGH,5.5,MEDIUM,1.8,3.6,2020,Allocate
CVE-2020-4631,LOCAL,LOW,NONE,NONE,HIGH,5.5,MEDIUM,1.8,3.6,2020,Allocate
CVE-2020-6012,LOCAL,HIGH,HIGH,HIGH,HIGH,7.4,HIGH,1.4,5.9,2020,Immediate Action
CVE-2020-7307,LOCAL,LOW,LOW,LOW,NONE,5.2,MEDIUM,2.0,2.7,2020,Allocate
CVE-2020-7319,LOCAL,LOW,HIGH,HIGH,HIGH,8.8,HIGH,2.0,6.0,2020,Immediate Action
CVE-2020-7320,LOCAL,LOW,LOW,HIGH,LOW,7.3,HIGH,1.5,5.3,2020,Immediate Action
CVE-2020-7324,LOCAL,LOW,NONE,LOW,HIGH,6.1,MEDIUM,1.8,4.2,2020,Allocate
CVE-2020-7382,LOCAL,LOW,HIGH,HIGH,HIGH,6.5,MEDIUM,0.6,5.9,2020,Allocate
CVE-2020-7523,LOCAL,HIGH,HIGH,HIGH,HIGH,7.8,HIGH,1.1,6.0,2020,Immediate Action
CVE-2020-7817,LOCAL,LOW,HIGH,HIGH,HIGH,7.8,HIGH,1.8,5.9,2020,Immediate Action
CVE-2020-7823,LOCAL,LOW,HIGH,HIGH,HIGH,7.8,HIGH,1.8,5.9,2020,Immediate Action
CVE-2020-8026,LOCAL,LOW,HIGH,HIGH,HIGH,7.8,HIGH,1.8,5.9,2020,Immediate Action
CVE-2020-8230,LOCAL,LOW,NONE,NONE,HIGH,5.5,MEDIUM,1.8,3.6,2020,Allocate
CVE-2020-8683,LOCAL,LOW,NONE,NONE,HIGH,5.5,MEDIUM,1.8,3.6,2020,Allocate
CVE-2020-8684,LOCAL,LOW,HIGH,HIGH,HIGH,6.7,MEDIUM,0.8,5.9,2020,Allocate
CVE-2020-8687,LOCAL,LOW,HIGH,HIGH,HIGH,7.8,HIGH,1.8,5.9,2020,Immediate Action
CVE-2020-8720,LOCAL,LOW,NONE,NONE,HIGH,5.5,MEDIUM,1.8,3.6,2020,Allocate
CVE-2020-8721,LOCAL,LOW,HIGH,HIGH,HIGH,8.2,HIGH,1.5,6.0,2020,Immediate Action
CVE-2020-8731,LOCAL,LOW,HIGH,HIGH,HIGH,8.8,HIGH,2.0,6.0,2020,Immediate Action
CVE-2020-8742,LOCAL,LOW,HIGH,HIGH,HIGH,6.7,MEDIUM,0.8,5.9,2020,Allocate
CVE-2020-8870,LOCAL,LOW,HIGH,HIGH,HIGH,7.8,HIGH,1.8,5.9,2020,Immediate Action
CVE-2020-9078,LOCAL,LOW,HIGH,HIGH,HIGH,7.8,HIGH,1.8,5.9,2020,Immediate Action
CVE-2020-9229,LOCAL,LOW,HIGH,NONE,NONE,4.4,MEDIUM,0.8,3.6,2020,Allocate
CVE-2020-9235,LOCAL,LOW,HIGH,NONE,NONE,5.5,MEDIUM,1.8,3.6,2020,Allocate
CVE-2020-9237,LOCAL,LOW,HIGH,HIGH,HIGH,6.7,MEDIUM,0.8,5.9,2020,Allocate
CVE-2020-9239,LOCAL,LOW,HIGH,NONE,NONE,5.5,MEDIUM,1.8,3.6,2020,Allocate
CVE-2020-9403,LOCAL,LOW,HIGH,NONE,NONE,5.5,MEDIUM,1.8,3.6,2020,Allocate
CVE-2020-9696,LOCAL,LOW,NONE,HIGH,NONE,5.5,MEDIUM,1.8,3.6,2020,Allocate
CVE-2020-9707,LOCAL,LOW,LOW,NONE,NONE,3.3,LOW,1.8,1.4,2020,Defer
CVE-2020-9712,LOCAL,LOW,NONE,HIGH,NONE,5.5,MEDIUM,1.8,3.6,2020,Allocate
CVE-2020-9714,LOCAL,LOW,HIGH,HIGH,HIGH,7.8,HIGH,1.8,5.9,2020,Immediate Action
CVE-2020-9725,LOCAL,LOW,HIGH,HIGH,HIGH,7.8,HIGH,1.8,5.9,2020,Immediate Action
CVE-2020-9727,LOCAL,LOW,HIGH,HIGH,HIGH,7.8,HIGH,1.8,5.9,2020,Immediate Action
CVE-2020-9729,LOCAL,LOW,HIGH,HIGH,HIGH,7.8,HIGH,1.8,5.9,2020,Immediate Action
CVE-2021-0004,LOCAL,LOW,NONE,NONE,HIGH,4.4,MEDIUM,0.8,3.6,2021,Allocate
CVE-2021-0008,LOCAL,LOW,NONE,NONE,HIGH,4.4,MEDIUM,0.8,3.6,2021,Allocate
CVE-2021-0012,LOCAL,LOW,NONE,NONE,HIGH,5.5,MEDIUM,1.8,3.6,2021,Allocate
CVE-2021-0083,LOCAL,LOW,NONE,NONE,HIGH,4.4,MEDIUM,0.8,3.6,2021,Allocate
CVE-2021-0114,LOCAL,LOW,HIGH,HIGH,HIGH,6.7,MEDIUM,0.8,5.9,2021,Allocate
CVE-2021-0196,LOCAL,LOW,HIGH,HIGH,HIGH,7.8,HIGH,1.8,5.9,2021,Immediate Action
CVE-2021-0408,LOCAL,LOW,HIGH,NONE,NONE,5.5,MEDIUM,1.8,3.6,2021,Allocate
CVE-2021-0420,LOCAL,LOW,NONE,NONE,HIGH,5.5,MEDIUM,1.8,3.6,2021,Allocate
CVE-2021-0519,LOCAL,LOW,HIGH,HIGH,HIGH,7.8,HIGH,1.8,5.9,2021,Immediate Action
CVE-2021-0576,LOCAL,LOW,HIGH,HIGH,HIGH,7.8,HIGH,1.8,5.9,2021,Immediate Action
CVE-2021-0584,LOCAL,LOW,HIGH,NONE,NONE,5.5,MEDIUM,1.8,3.6,2021,Allocate
CVE-2021-0591,LOCAL,LOW,HIGH,HIGH,HIGH,7.3,HIGH,1.3,5.9,2021,Immediate Action
CVE-2021-0627,LOCAL,LOW,HIGH,HIGH,HIGH,6.7,MEDIUM,0.8,5.9,2021,Allocate
CVE-2021-0639,LOCAL,LOW,HIGH,NONE,NONE,5.5,MEDIUM,1.8,3.6,2021,Allocate
CVE-2021-0642,LOCAL,LOW,HIGH,NONE,NONE,5.5,MEDIUM,1.8,3.6,2021,Allocate
CVE-2021-1109,LOCAL,HIGH,NONE,HIGH,HIGH,6.3,MEDIUM,1.0,5.2,2021,Allocate
CVE-2021-1583,LOCAL,LOW,HIGH,NONE,NONE,4.4,MEDIUM,0.8,3.6,2021,Allocate
CVE-2021-20349,LOCAL,LOW,LOW,LOW,LOW,5.3,MEDIUM,1.8,3.4,2021,Allocate
CVE-2021-21567,LOCAL,LOW,HIGH,HIGH,HIGH,7.8,HIGH,1.8,5.9,2021,Immediate Action
CVE-2021-21595,LOCAL,LOW,HIGH,HIGH,HIGH,6.7,MEDIUM,0.8,5.9,2021,Allocate
CVE-2021-21867,LOCAL,LOW,HIGH,HIGH,HIGH,7.8,HIGH,1.8,5.9,2021,Immediate Action
CVE-2021-21869,LOCAL,LOW,HIGH,HIGH,HIGH,7.8,HIGH,1.8,5.9,2021,Immediate Action
CVE-2021-22928,LOCAL,LOW,HIGH,HIGH,HIGH,7.8,HIGH,1.8,5.9,2021,Immediate Action
CVE-2021-24038,LOCAL,LOW,HIGH,HIGH,HIGH,7.8,HIGH,1.8,5.9,2021,Immediate Action
CVE-2021-25443,LOCAL,LOW,LOW,LOW,LOW,5.3,MEDIUM,1.8,3.4,2021,Allocate
CVE-2021-27792,LOCAL,LOW,HIGH,HIGH,HIGH,7.8,HIGH,1.8,5.9,2021,Immediate Action
CVE-2021-27794,LOCAL,LOW,HIGH,HIGH,HIGH,7.8,HIGH,1.8,5.9,2021,Immediate Action
CVE-2021-28589,LOCAL,LOW,HIGH,HIGH,HIGH,7.8,HIGH,1.8,5.9,2021,Immediate Action
CVE-2021-28592,LOCAL,LOW,HIGH,HIGH,HIGH,7.8,HIGH,1.8,5.9,2021,Immediate Action
CVE-2021-28593,LOCAL,LOW,HIGH,NONE,NONE,5.5,MEDIUM,1.8,3.6,2021,Allocate
CVE-2021-28608,LOCAL,LOW,HIGH,HIGH,HIGH,7.8,HIGH,1.8,5.9,2021,Immediate Action
CVE-2021-28616,LOCAL,LOW,HIGH,NONE,HIGH,7.1,HIGH,1.8,5.2,2021,Immediate Action
CVE-2021-28617,LOCAL,LOW,HIGH,NONE,NONE,5.5,MEDIUM,1.8,3.6,2021,Allocate
CVE-2021-28621,LOCAL,LOW,HIGH,HIGH,HIGH,7.8,HIGH,1.8,5.9,2021,Immediate Action
CVE-2021-28631,LOCAL,LOW,HIGH,HIGH,HIGH,7.8,HIGH,1.8,5.9,2021,Immediate Action
CVE-2021-28634,LOCAL,LOW,HIGH,HIGH,HIGH,8.2,HIGH,1.5,6.0,2021,Immediate Action
CVE-2021-28638,LOCAL,LOW,HIGH,HIGH,HIGH,7.8,HIGH,1.8,5.9,2021,Immediate Action
CVE-2021-28642,LOCAL,LOW,HIGH,HIGH,HIGH,7.8,HIGH,1.8,5.9,2021,Immediate Action
CVE-2021-30855,LOCAL,LOW,HIGH,NONE,NONE,5.5,MEDIUM,1.8,3.6,2021,Allocate
CVE-2021-30857,LOCAL,HIGH,HIGH,HIGH,HIGH,7.0,HIGH,1.0,5.9,2021,Immediate Action
CVE-2021-30865,LOCAL,LOW,HIGH,HIGH,HIGH,7.8,HIGH,1.8,5.9,2021,Immediate Action
CVE-2021-30867,LOCAL,LOW,HIGH,NONE,NONE,5.5,MEDIUM,1.8,3.6,2021,Allocate
CVE-2021-30869,LOCAL,LOW,HIGH,HIGH,HIGH,7.8,HIGH,1.8,5.9,2021,Immediate Action
CVE-2021-30875,LOCAL,LOW,LOW,NONE,NONE,3.3,LOW,1.8,1.4,2021,Defer
CVE-2021-30892,LOCAL,LOW,NONE,HIGH,NONE,5.5,MEDIUM,1.8,3.6,2021,Allocate
CVE-2021-30894,LOCAL,LOW,HIGH,HIGH,HIGH,7.8,HIGH,1.8,5.9,2021,Immediate Action
CVE-2021-30906,LOCAL,LOW,HIGH,HIGH,HIGH,7.8,HIGH,1.8,5.9,2021,Immediate Action
CVE-2021-30914,LOCAL,LOW,HIGH,HIGH,HIGH,7.8,HIGH,1.8,5.9,2021,Immediate Action
CVE-2021-30923,LOCAL,HIGH,HIGH,HIGH,HIGH,7.0,HIGH,1.0,5.9,2021,Immediate Action
CVE-2021-30940,LOCAL,LOW,HIGH,NONE,NONE,5.5,MEDIUM,1.8,3.6,2021,Allocate
CVE-2021-30942,LOCAL,LOW,HIGH,HIGH,HIGH,7.8,HIGH,1.8,5.9,2021,Immediate Action
CVE-2021-30944,LOCAL,LOW,HIGH,NONE,NONE,5.5,MEDIUM,1.8,3.6,2021,Allocate
CVE-2021-30945,LOCAL,LOW,HIGH,HIGH,HIGH,7.8,HIGH,1.8,5.9,2021,Immediate Action
CVE-2021-30952,LOCAL,LOW,HIGH,HIGH,HIGH,7.8,HIGH,1.8,5.9,2021,Immediate Action
CVE-2021-30959,LOCAL,LOW,HIGH,NONE,NONE,5.5,MEDIUM,1.8,3.6,2021,Allocate
CVE-2021-30969,LOCAL,LOW,HIGH,HIGH,HIGH,7.8,HIGH,1.8,5.9,2021,Immediate Action
CVE-2021-30970,LOCAL,LOW,HIGH,NONE,NONE,5.5,MEDIUM,1.8,3.6,2021,Allocate
CVE-2021-30977,LOCAL,LOW,HIGH,HIGH,HIGH,7.8,HIGH,1.8,5.9,2021,Immediate Action
CVE-2021-30979,LOCAL,LOW,HIGH,HIGH,HIGH,7.8,HIGH,1.8,5.9,2021,Immediate Action
CVE-2021-30983,LOCAL,LOW,HIGH,HIGH,HIGH,7.8,HIGH,1.8,5.9,2021,Immediate Action
CVE-2021-30988,LOCAL,LOW,HIGH,NONE,NONE,5.5,MEDIUM,1.8,3.6,2021,Allocate
CVE-2021-30996,LOCAL,HIGH,HIGH,HIGH,HIGH,7.0,HIGH,1.0,5.9,2021,Immediate Action
CVE-2021-31000,LOCAL,LOW,LOW,NONE,NONE,3.3,LOW,1.8,1.4,2021,Defer
CVE-2021-31007,LOCAL,LOW,NONE,HIGH,NONE,5.5,MEDIUM,1.8,3.6,2021,Allocate
CVE-2021-32003,LOCAL,LOW,HIGH,NONE,NONE,5.5,MEDIUM,1.8,3.6,2021,Allocate
CVE-2021-32263,LOCAL,LOW,HIGH,HIGH,HIGH,7.8,HIGH,1.8,5.9,2021,Immediate Action
CVE-2021-32815,LOCAL,LOW,NONE,NONE,HIGH,5.5,MEDIUM,1.8,3.6,2021,Allocate
CVE-2021-32947,LOCAL,LOW,HIGH,HIGH,HIGH,7.8,HIGH,1.8,5.9,2021,Immediate Action
CVE-2021-32995,LOCAL,LOW,HIGH,HIGH,HIGH,7.8,HIGH,1.8,5.9,2021,Immediate Action
CVE-2021-34532,LOCAL,LOW,HIGH,NONE,NONE,5.5,MEDIUM,1.8,3.6,2021,Allocate
CVE-2021-34831,LOCAL,LOW,HIGH,HIGH,HIGH,7.8,HIGH,1.8,5.9,2021,Immediate Action
CVE-2021-34834,LOCAL,LOW,HIGH,HIGH,HIGH,7.8,HIGH,1.8,5.9,2021,Immediate Action
CVE-2021-34835,LOCAL,LOW,HIGH,HIGH,HIGH,7.8,HIGH,1.8,5.9,2021,Immediate Action
CVE-2021-34839,LOCAL,LOW,HIGH,HIGH,HIGH,7.8,HIGH,1.8,5.9,2021,Immediate Action
CVE-2021-34845,LOCAL,LOW,HIGH,HIGH,HIGH,7.8,HIGH,1.8,5.9,2021,Immediate Action
CVE-2021-34847,LOCAL,LOW,HIGH,HIGH,HIGH,7.8,HIGH,1.8,5.9,2021,Immediate Action
CVE-2021-34849,LOCAL,LOW,HIGH,HIGH,HIGH,7.8,HIGH,1.8,5.9,2021,Immediate Action
CVE-2021-35465,LOCAL,LOW,LOW,LOW,NONE,3.4,LOW,0.8,2.5,2021,Defer
CVE-2021-35983,LOCAL,LOW,HIGH,HIGH,HIGH,7.8,HIGH,1.8,5.9,2021,Immediate Action
CVE-2021-35990,LOCAL,LOW,HIGH,HIGH,HIGH,7.8,HIGH,1.8,5.9,2021,Immediate Action
CVE-2021-35992,LOCAL,LOW,LOW,NONE,NONE,3.3,LOW,1.8,1.4,2021,Defer
CVE-2021-36005,LOCAL,LOW,HIGH,HIGH,HIGH,7.8,HIGH,1.8,5.9,2021,Immediate Action
CVE-2021-36007,LOCAL,LOW,LOW,NONE,NONE,3.3,LOW,1.8,1.4,2021,Defer
CVE-2021-36009,LOCAL,LOW,HIGH,HIGH,HIGH,7.8,HIGH,1.8,5.9,2021,Immediate Action
CVE-2021-36010,LOCAL,LOW,LOW,NONE,NONE,3.3,LOW,1.8,1.4,2021,Defer
CVE-2021-36276,LOCAL,LOW,HIGH,HIGH,HIGH,7.8,HIGH,1.8,5.9,2021,Immediate Action
CVE-2021-36278,LOCAL,LOW,HIGH,NONE,NONE,5.5,MEDIUM,1.8,3.6,2021,Allocate
CVE-2021-36279,LOCAL,LOW,HIGH,HIGH,HIGH,7.8,HIGH,1.8,5.9,2021,Immediate Action
CVE-2021-3633,LOCAL,LOW,HIGH,HIGH,HIGH,7.8,HIGH,1.8,5.9,2021,Immediate Action
CVE-2021-3635,LOCAL,LOW,NONE,NONE,HIGH,4.4,MEDIUM,0.8,3.6,2021,Allocate
CVE-2021-36941,LOCAL,LOW,HIGH,HIGH,HIGH,7.8,HIGH,1.8,5.9,2021,Immediate Action
CVE-2021-3708,LOCAL,LOW,HIGH,HIGH,HIGH,7.8,HIGH,1.8,5.9,2021,Immediate Action
CVE-2021-37622,LOCAL,LOW,NONE,NONE,HIGH,5.5,MEDIUM,1.8,3.6,2021,Allocate
CVE-2021-37680,LOCAL,LOW,NONE,NONE,HIGH,5.5,MEDIUM,1.8,3.6,2021,Allocate
CVE-2021-37683,LOCAL,LOW,NONE,NONE,HIGH,5.5,MEDIUM,1.8,3.6,2021,Allocate
CVE-2021-37684,LOCAL,LOW,NONE,NONE,HIGH,5.5,MEDIUM,1.8,3.6,2021,Allocate
CVE-2021-37688,LOCAL,LOW,NONE,NONE,HIGH,5.5,MEDIUM,1.8,3.6,2021,Allocate
CVE-2021-37691,LOCAL,LOW,NONE,NONE,HIGH,5.5,MEDIUM,1.8,3.6,2021,Allocate
CVE-2021-38085,LOCAL,LOW,HIGH,HIGH,HIGH,7.8,HIGH,1.8,5.9,2021,Immediate Action
CVE-2021-38088,LOCAL,LOW,HIGH,HIGH,HIGH,7.8,HIGH,1.8,5.9,2021,Immediate Action
CVE-2021-38185,LOCAL,LOW,HIGH,HIGH,HIGH,7.8,HIGH,1.8,5.9,2021,Immediate Action
CVE-2021-38208,LOCAL,LOW,NONE,NONE,HIGH,5.5,MEDIUM,1.8,3.6,2021,Allocate
CVE-2021-38553,LOCAL,LOW,NONE,NONE,HIGH,4.4,MEDIUM,0.8,3.6,2021,Allocate
CVE-2021-38608,LOCAL,LOW,HIGH,HIGH,HIGH,7.8,HIGH,1.8,5.9,2021,Immediate Action
CVE-2017-1000251,ADJACENT_NETWORK,LOW,HIGH,HIGH,HIGH,8.0,HIGH,2.1,5.9,2017,Immediate Action
CVE-2017-2879,ADJACENT_NETWORK,HIGH,NONE,HIGH,NONE,5.3,MEDIUM,1.6,3.6,2017,Allocate
CVE-2019-11276,ADJACENT_NETWORK,LOW,LOW,LOW,NONE,5.4,MEDIUM,2.8,2.5,2019,Allocate
CVE-2019-12257,ADJACENT_NETWORK,LOW,HIGH,HIGH,HIGH,8.8,HIGH,2.8,5.9,2019,Immediate Action
CVE-2019-12264,ADJACENT_NETWORK,LOW,NONE,LOW,HIGH,7.1,HIGH,2.8,4.2,2019,Immediate Action
CVE-2019-12588,ADJACENT_NETWORK,LOW,NONE,NONE,HIGH,6.5,MEDIUM,2.8,3.6,2019,Allocate
CVE-2019-13263,ADJACENT_NETWORK,LOW,HIGH,HIGH,HIGH,8.8,HIGH,2.8,5.9,2019,Immediate Action
CVE-2019-13264,ADJACENT_NETWORK,LOW,HIGH,HIGH,HIGH,8.8,HIGH,2.8,5.9,2019,Immediate Action
CVE-2019-13361,ADJACENT_NETWORK,LOW,NONE,HIGH,NONE,6.5,MEDIUM,2.8,3.6,2019,Allocate
CVE-2019-14620,ADJACENT_NETWORK,LOW,NONE,NONE,HIGH,6.5,MEDIUM,2.8,3.6,2019,Allocate
CVE-2019-1910,ADJACENT_NETWORK,LOW,NONE,NONE,HIGH,7.4,HIGH,2.8,4.0,2019,Immediate Action
CVE-2019-1918,ADJACENT_NETWORK,LOW,NONE,NONE,HIGH,7.4,HIGH,2.8,4.0,2019,Immediate Action
CVE-2019-5591,ADJACENT_NETWORK,LOW,HIGH,NONE,NONE,6.5,MEDIUM,2.8,3.6,2019,Allocate
CVE-2019-9013,ADJACENT_NETWORK,LOW,HIGH,HIGH,HIGH,8.8,HIGH,2.8,5.9,2019,Immediate Action
CVE-2019-9461,ADJACENT_NETWORK,LOW,HIGH,NONE,NONE,6.5,MEDIUM,2.8,3.6,2019,Allocate
CVE-2020-13594,ADJACENT_NETWORK,LOW,NONE,NONE,HIGH,6.5,MEDIUM,2.8,3.6,2020,Allocate
CVE-2020-14483,ADJACENT_NETWORK,LOW,NONE,NONE,LOW,4.3,MEDIUM,2.8,1.4,2020,Allocate
CVE-2020-14514,ADJACENT_NETWORK,LOW,LOW,NONE,NONE,4.3,MEDIUM,2.8,1.4,2020,Allocate
CVE-2020-15054,ADJACENT_NETWORK,LOW,HIGH,HIGH,HIGH,8.8,HIGH,2.8,5.9,2020,Immediate Action
CVE-2020-15055,ADJACENT_NETWORK,LOW,HIGH,HIGH,HIGH,8.8,HIGH,2.8,5.9,2020,Immediate Action
CVE-2020-15056,ADJACENT_NETWORK,LOW,LOW,LOW,NONE,4.3,MEDIUM,1.2,2.7,2020,Allocate
CVE-2020-15057,ADJACENT_NETWORK,LOW,NONE,NONE,HIGH,6.5,MEDIUM,2.8,3.6,2020,Allocate
CVE-2020-15058,ADJACENT_NETWORK,LOW,HIGH,HIGH,HIGH,8.8,HIGH,2.8,5.9,2020,Immediate Action
CVE-2020-15059,ADJACENT_NETWORK,LOW,HIGH,HIGH,HIGH,8.8,HIGH,2.8,5.9,2020,Immediate Action
CVE-2020-15060,ADJACENT_NETWORK,LOW,LOW,LOW,NONE,4.3,MEDIUM,1.2,2.7,2020,Allocate
CVE-2020-15061,ADJACENT_NETWORK,LOW,NONE,NONE,HIGH,6.5,MEDIUM,2.8,3.6,2020,Allocate
CVE-2020-15062,ADJACENT_NETWORK,LOW,HIGH,HIGH,HIGH,8.8,HIGH,2.8,5.9,2020,Immediate Action
CVE-2020-15063,ADJACENT_NETWORK,LOW,HIGH,HIGH,HIGH,8.8,HIGH,2.8,5.9,2020,Immediate Action
CVE-2020-15064,ADJACENT_NETWORK,LOW,LOW,LOW,NONE,4.3,MEDIUM,1.2,2.7,2020,Allocate
CVE-2020-15065,ADJACENT_NETWORK,LOW,NONE,NONE,HIGH,6.5,MEDIUM,2.8,3.6,2020,Allocate
CVE-2020-15486,ADJACENT_NETWORK,LOW,HIGH,NONE,NONE,6.5,MEDIUM,2.8,3.6,2020,Allocate
CVE-2020-15531,ADJACENT_NETWORK,LOW,HIGH,HIGH,HIGH,8.8,HIGH,2.8,5.9,2020,Immediate Action
CVE-2020-15532,ADJACENT_NETWORK,LOW,NONE,NONE,HIGH,6.5,MEDIUM,2.8,3.6,2020,Allocate
CVE-2020-15634,ADJACENT_NETWORK,LOW,LOW,LOW,LOW,6.3,MEDIUM,2.8,3.4,2020,Allocate
CVE-2020-15635,ADJACENT_NETWORK,LOW,HIGH,HIGH,HIGH,8.8,HIGH,2.8,5.9,2020,Immediate Action
CVE-2020-15791,ADJACENT_NETWORK,LOW,HIGH,NONE,NONE,6.5,MEDIUM,2.8,3.6,2020,Allocate
CVE-2020-16142,ADJACENT_NETWORK,LOW,NONE,NONE,LOW,3.5,LOW,2.1,1.4,2020,Defer
CVE-2020-16216,ADJACENT_NETWORK,LOW,NONE,NONE,HIGH,6.5,MEDIUM,2.8,3.6,2020,Allocate
CVE-2020-16218,ADJACENT_NETWORK,LOW,LOW,NONE,NONE,3.5,LOW,2.1,1.4,2020,Defer
CVE-2020-16220,ADJACENT_NETWORK,LOW,NONE,NONE,LOW,4.3,MEDIUM,2.8,1.4,2020,Allocate
CVE-2020-16222,ADJACENT_NETWORK,LOW,HIGH,HIGH,HIGH,8.8,HIGH,2.8,5.9,2020,Immediate Action
CVE-2020-16224,ADJACENT_NETWORK,LOW,NONE,NONE,HIGH,6.5,MEDIUM,2.8,3.6,2020,Allocate
CVE-2020-16228,ADJACENT_NETWORK,LOW,HIGH,HIGH,LOW,6.4,MEDIUM,0.9,5.5,2020,Allocate
CVE-2020-17405,ADJACENT_NETWORK,LOW,HIGH,HIGH,HIGH,8.8,HIGH,2.8,5.9,2020,Immediate Action
CVE-2020-17497,ADJACENT_NETWORK,LOW,HIGH,HIGH,NONE,8.1,HIGH,2.8,5.2,2020,Immediate Action
CVE-2020-24363,ADJACENT_NETWORK,LOW,HIGH,HIGH,HIGH,8.8,HIGH,2.8,5.9,2020,Immediate Action
CVE-2020-25067,ADJACENT_NETWORK,LOW,HIGH,HIGH,HIGH,8.8,HIGH,2.8,5.9,2020,Immediate Action
CVE-2020-3415,ADJACENT_NETWORK,LOW,HIGH,HIGH,HIGH,8.8,HIGH,2.8,5.9,2020,Immediate Action
CVE-2020-3453,ADJACENT_NETWORK,LOW,HIGH,HIGH,HIGH,6.8,MEDIUM,0.9,5.9,2020,Allocate
CVE-2020-3505,ADJACENT_NETWORK,LOW,NONE,NONE,HIGH,6.5,MEDIUM,2.8,3.6,2020,Allocate
CVE-2020-3506,ADJACENT_NETWORK,LOW,HIGH,HIGH,HIGH,8.8,HIGH,2.8,5.9,2020,Immediate Action
CVE-2020-3507,ADJACENT_NETWORK,LOW,HIGH,HIGH,HIGH,8.8,HIGH,2.8,5.9,2020,Immediate Action
CVE-2020-5923,ADJACENT_NETWORK,LOW,LOW,LOW,NONE,5.4,MEDIUM,2.8,2.5,2020,Allocate
CVE-2020-7294,ADJACENT_NETWORK,LOW,LOW,LOW,NONE,4.6,MEDIUM,2.1,2.5,2020,Allocate
CVE-2020-7295,ADJACENT_NETWORK,LOW,LOW,LOW,NONE,4.6,MEDIUM,2.1,2.5,2020,Allocate
CVE-2020-7296,ADJACENT_NETWORK,LOW,HIGH,NONE,NONE,5.7,MEDIUM,2.1,3.6,2020,Allocate
CVE-2020-7304,ADJACENT_NETWORK,LOW,HIGH,HIGH,LOW,7.6,HIGH,2.1,5.5,2020,Immediate Action
CVE-2020-8689,ADJACENT_NETWORK,LOW,NONE,NONE,HIGH,6.5,MEDIUM,2.8,3.6,2020,Allocate
CVE-2020-8706,ADJACENT_NETWORK,LOW,HIGH,HIGH,HIGH,8.8,HIGH,2.8,5.9,2020,Immediate Action
CVE-2020-8707,ADJACENT_NETWORK,LOW,HIGH,HIGH,HIGH,8.8,HIGH,2.8,5.9,2020,Immediate Action
CVE-2020-8708,ADJACENT_NETWORK,LOW,HIGH,HIGH,HIGH,8.8,HIGH,2.8,5.9,2020,Immediate Action
CVE-2020-8709,ADJACENT_NETWORK,LOW,HIGH,HIGH,HIGH,8.8,HIGH,2.8,5.9,2020,Immediate Action
CVE-2020-8713,ADJACENT_NETWORK,LOW,HIGH,HIGH,HIGH,8.8,HIGH,2.8,5.9,2020,Immediate Action
CVE-2020-8723,ADJACENT_NETWORK,LOW,LOW,LOW,LOW,6.3,MEDIUM,2.1,3.7,2020,Allocate
CVE-2020-8732,ADJACENT_NETWORK,LOW,HIGH,HIGH,HIGH,8.8,HIGH,2.8,5.9,2020,Immediate Action
CVE-2020-9079,ADJACENT_NETWORK,LOW,HIGH,HIGH,HIGH,8.8,HIGH,2.8,5.9,2020,Immediate Action
CVE-2020-9104,ADJACENT_NETWORK,LOW,NONE,NONE,LOW,4.3,MEDIUM,2.8,1.4,2020,Allocate
CVE-2020-9199,ADJACENT_NETWORK,LOW,HIGH,HIGH,HIGH,6.8,MEDIUM,0.9,5.9,2020,Allocate
CVE-2021-0009,ADJACENT_NETWORK,LOW,NONE,NONE,HIGH,6.5,MEDIUM,2.8,3.6,2021,Allocate
CVE-2021-0578,ADJACENT_NETWORK,LOW,HIGH,NONE,NONE,6.5,MEDIUM,2.8,3.6,2021,Allocate
CVE-2021-0579,ADJACENT_NETWORK,LOW,HIGH,NONE,NONE,6.5,MEDIUM,2.8,3.6,2021,Allocate
CVE-2021-0580,ADJACENT_NETWORK,LOW,HIGH,NONE,NONE,6.5,MEDIUM,2.8,3.6,2021,Allocate
CVE-2021-0581,ADJACENT_NETWORK,LOW,HIGH,NONE,NONE,6.5,MEDIUM,2.8,3.6,2021,Allocate
CVE-2021-0582,ADJACENT_NETWORK,LOW,HIGH,NONE,NONE,6.5,MEDIUM,2.8,3.6,2021,Allocate
CVE-2021-21596,ADJACENT_NETWORK,LOW,HIGH,HIGH,HIGH,8.8,HIGH,2.8,5.9,2021,Immediate Action
CVE-2021-22943,ADJACENT_NETWORK,LOW,HIGH,HIGH,HIGH,9.6,CRITICAL,2.8,6.0,2021,Immediate Action
CVE-2021-22944,ADJACENT_NETWORK,LOW,HIGH,HIGH,HIGH,8.0,HIGH,2.1,5.9,2021,Immediate Action
CVE-2021-24018,ADJACENT_NETWORK,LOW,HIGH,HIGH,HIGH,8.8,HIGH,2.8,5.9,2021,Immediate Action
CVE-2021-29280,ADJACENT_NETWORK,HIGH,NONE,HIGH,HIGH,6.4,MEDIUM,1.2,5.2,2021,Allocate
CVE-2021-30866,ADJACENT_NETWORK,LOW,HIGH,NONE,NONE,6.5,MEDIUM,2.8,3.6,2021,Allocate
CVE-2021-30935,ADJACENT_NETWORK,LOW,HIGH,HIGH,HIGH,8.8,HIGH,2.8,5.9,2021,Immediate Action
CVE-2021-32122,ADJACENT_NETWORK,LOW,HIGH,HIGH,HIGH,8.0,HIGH,2.1,5.9,2021,Immediate Action
CVE-2021-33886,ADJACENT_NETWORK,LOW,HIGH,HIGH,HIGH,8.8,HIGH,2.8,5.9,2021,Immediate Action
CVE-2021-34537,ADJACENT_NETWORK,LOW,HIGH,HIGH,HIGH,8.0,HIGH,2.1,5.9,2021,Immediate Action
CVE-2021-34734,ADJACENT_NETWORK,LOW,NONE,NONE,HIGH,6.5,MEDIUM,2.8,3.6,2021,Allocate
CVE-2021-36949,ADJACENT_NETWORK,HIGH,HIGH,HIGH,HIGH,7.1,HIGH,1.2,5.9,2021,Immediate Action
CVE-2021-38111,ADJACENT_NETWORK,LOW,HIGH,HIGH,HIGH,8.8,HIGH,2.8,5.9,2021,Immediate Action
CVE-2021-38199,ADJACENT_NETWORK,LOW,NONE,NONE,HIGH,6.5,MEDIUM,2.8,3.6,2021,Allocate
CVE-2017-10125,PHYSICAL,HIGH,HIGH,HIGH,HIGH,7.1,HIGH,0.5,6.0,2017,Immediate Action
CVE-2018-11068,PHYSICAL,LOW,HIGH,NONE,NONE,4.6,MEDIUM,0.9,3.6,2018,Allocate
CVE-2018-17765,PHYSICAL,LOW,HIGH,HIGH,HIGH,6.8,MEDIUM,0.9,5.9,2018,Allocate
CVE-2018-17766,PHYSICAL,LOW,HIGH,NONE,NONE,4.6,MEDIUM,0.9,3.6,2018,Allocate
CVE-2018-17767,PHYSICAL,LOW,HIGH,HIGH,HIGH,6.8,MEDIUM,0.9,5.9,2018,Allocate
CVE-2018-17768,PHYSICAL,LOW,HIGH,HIGH,HIGH,6.8,MEDIUM,0.9,5.9,2018,Allocate
CVE-2018-17769,PHYSICAL,LOW,HIGH,HIGH,HIGH,6.6,MEDIUM,0.7,5.9,2018,Allocate
CVE-2018-17770,PHYSICAL,LOW,HIGH,HIGH,HIGH,6.6,MEDIUM,0.7,5.9,2018,Allocate
CVE-2018-17771,PHYSICAL,LOW,HIGH,HIGH,HIGH,6.6,MEDIUM,0.7,5.9,2018,Allocate
CVE-2018-17772,PHYSICAL,LOW,HIGH,HIGH,HIGH,6.8,MEDIUM,0.9,5.9,2018,Allocate
CVE-2018-17773,PHYSICAL,LOW,HIGH,HIGH,HIGH,6.8,MEDIUM,0.9,5.9,2018,Allocate
CVE-2019-10928,PHYSICAL,LOW,HIGH,HIGH,HIGH,6.6,MEDIUM,0.7,5.9,2019,Allocate
CVE-2019-14630,PHYSICAL,LOW,HIGH,NONE,NONE,4.6,MEDIUM,0.9,3.6,2019,Allocate
CVE-2019-15098,PHYSICAL,LOW,NONE,NONE,HIGH,4.6,MEDIUM,0.9,3.6,2019,Allocate
CVE-2019-15211,PHYSICAL,LOW,NONE,NONE,HIGH,4.6,MEDIUM,0.9,3.6,2019,Allocate
CVE-2019-15212,PHYSICAL,LOW,NONE,NONE,HIGH,4.6,MEDIUM,0.9,3.6,2019,Allocate
CVE-2019-15213,PHYSICAL,LOW,NONE,NONE,HIGH,4.6,MEDIUM,0.9,3.6,2019,Allocate
CVE-2019-15215,PHYSICAL,LOW,NONE,NONE,HIGH,4.6,MEDIUM,0.9,3.6,2019,Allocate
CVE-2019-15216,PHYSICAL,LOW,NONE,NONE,HIGH,4.6,MEDIUM,0.9,3.6,2019,Allocate
CVE-2019-15217,PHYSICAL,LOW,NONE,NONE,HIGH,4.6,MEDIUM,0.9,3.6,2019,Allocate
CVE-2019-15218,PHYSICAL,LOW,NONE,NONE,HIGH,4.6,MEDIUM,0.9,3.6,2019,Allocate
CVE-2019-15219,PHYSICAL,LOW,NONE,NONE,HIGH,4.6,MEDIUM,0.9,3.6,2019,Allocate
CVE-2019-15220,PHYSICAL,LOW,NONE,NONE,HIGH,4.6,MEDIUM,0.9,3.6,2019,Allocate
CVE-2019-15221,PHYSICAL,LOW,NONE,NONE,HIGH,4.6,MEDIUM,0.9,3.6,2019,Allocate
CVE-2019-15222,PHYSICAL,LOW,NONE,NONE,HIGH,4.6,MEDIUM,0.9,3.6,2019,Allocate
CVE-2019-15223,PHYSICAL,LOW,NONE,NONE,HIGH,4.6,MEDIUM,0.9,3.6,2019,Allocate
CVE-2019-15945,PHYSICAL,HIGH,HIGH,HIGH,HIGH,6.4,MEDIUM,0.5,5.9,2019,Allocate
CVE-2019-15946,PHYSICAL,HIGH,HIGH,HIGH,HIGH,6.4,MEDIUM,0.5,5.9,2019,Allocate
CVE-2019-3717,PHYSICAL,LOW,HIGH,HIGH,HIGH,6.8,MEDIUM,0.9,5.9,2019,Allocate
CVE-2019-6171,PHYSICAL,LOW,HIGH,HIGH,HIGH,6.8,MEDIUM,0.9,5.9,2019,Allocate
CVE-2020-0256,PHYSICAL,LOW,HIGH,HIGH,HIGH,6.8,MEDIUM,0.9,5.9,2020,Allocate
CVE-2020-10123,PHYSICAL,LOW,NONE,HIGH,NONE,5.3,MEDIUM,0.9,4.0,2020,Allocate
CVE-2020-10124,PHYSICAL,HIGH,HIGH,HIGH,HIGH,7.1,HIGH,0.5,6.0,2020,Immediate Action
CVE-2020-10125,PHYSICAL,LOW,HIGH,HIGH,HIGH,7.6,HIGH,0.9,6.0,2020,Immediate Action
CVE-2020-10126,PHYSICAL,LOW,HIGH,HIGH,HIGH,7.6,HIGH,0.9,6.0,2020,Immediate Action
CVE-2020-11683,PHYSICAL,LOW,HIGH,HIGH,HIGH,6.8,MEDIUM,0.9,5.9,2020,Allocate
CVE-2020-12621,PHYSICAL,LOW,HIGH,HIGH,NONE,6.1,MEDIUM,0.9,5.2,2020,Allocate
CVE-2020-13463,PHYSICAL,LOW,HIGH,NONE,NONE,4.6,MEDIUM,0.9,3.6,2020,Allocate
CVE-2020-13464,PHYSICAL,HIGH,NONE,HIGH,NONE,4.2,MEDIUM,0.5,3.6,2020,Allocate
CVE-2020-13465,PHYSICAL,LOW,HIGH,HIGH,HIGH,6.8,MEDIUM,0.9,5.9,2020,Allocate
CVE-2020-13466,PHYSICAL,LOW,HIGH,HIGH,HIGH,6.8,MEDIUM,0.9,5.9,2020,Allocate
CVE-2020-13467,PHYSICAL,LOW,NONE,HIGH,NONE,4.6,MEDIUM,0.9,3.6,2020,Allocate
CVE-2020-13468,PHYSICAL,LOW,HIGH,HIGH,HIGH,6.8,MEDIUM,0.9,5.9,2020,Allocate
CVE-2020-13469,PHYSICAL,LOW,NONE,HIGH,NONE,4.6,MEDIUM,0.9,3.6,2020,Allocate
CVE-2020-13470,PHYSICAL,LOW,NONE,HIGH,NONE,4.6,MEDIUM,0.9,3.6,2020,Allocate
CVE-2020-13471,PHYSICAL,LOW,HIGH,HIGH,HIGH,6.8,MEDIUM,0.9,5.9,2020,Allocate
CVE-2020-13472,PHYSICAL,LOW,NONE,HIGH,NONE,4.6,MEDIUM,0.9,3.6,2020,Allocate
CVE-2020-14331,PHYSICAL,LOW,HIGH,HIGH,HIGH,6.6,MEDIUM,0.7,5.9,2020,Allocate
CVE-2020-15483,PHYSICAL,LOW,HIGH,HIGH,HIGH,6.8,MEDIUM,0.9,5.9,2020,Allocate
CVE-2020-15858,PHYSICAL,LOW,HIGH,HIGH,LOW,6.4,MEDIUM,0.9,5.5,2020,Allocate
CVE-2020-16097,PHYSICAL,LOW,HIGH,NONE,NONE,4.6,MEDIUM,0.9,3.6,2020,Allocate
CVE-2020-16212,PHYSICAL,LOW,HIGH,HIGH,HIGH,6.8,MEDIUM,0.9,5.9,2020,Allocate
CVE-2020-16237,PHYSICAL,LOW,NONE,NONE,LOW,2.1,LOW,0.7,1.4,2020,Defer
CVE-2020-17489,PHYSICAL,LOW,HIGH,NONE,NONE,4.3,MEDIUM,0.7,3.6,2020,Allocate
CVE-2020-25048,PHYSICAL,LOW,HIGH,NONE,NONE,4.6,MEDIUM,0.9,3.6,2020,Allocate
CVE-2020-25082,PHYSICAL,HIGH,HIGH,NONE,NONE,3.8,LOW,0.2,3.6,2020,Defer
CVE-2020-5376,PHYSICAL,LOW,HIGH,HIGH,HIGH,6.8,MEDIUM,0.9,5.9,2020,Allocate
CVE-2020-5378,PHYSICAL,LOW,HIGH,HIGH,HIGH,6.8,MEDIUM,0.9,5.9,2020,Allocate
CVE-2020-5379,PHYSICAL,LOW,HIGH,HIGH,HIGH,6.8,MEDIUM,0.9,5.9,2020,Allocate
CVE-2020-7323,PHYSICAL,HIGH,HIGH,HIGH,LOW,6.9,MEDIUM,0.4,6.0,2020,Allocate
CVE-2020-7459,PHYSICAL,LOW,HIGH,HIGH,HIGH,6.8,MEDIUM,0.9,5.9,2020,Allocate
CVE-2020-8341,PHYSICAL,LOW,NONE,LOW,NONE,2.4,LOW,0.9,1.4,2020,Defer
CVE-2020-9062,PHYSICAL,LOW,NONE,HIGH,NONE,5.3,MEDIUM,0.9,4.0,2020,Allocate
CVE-2020-9063,PHYSICAL,LOW,HIGH,HIGH,HIGH,7.6,HIGH,0.9,6.0,2020,Immediate Action
CVE-2020-9083,PHYSICAL,LOW,NONE,NONE,LOW,2.4,LOW,0.9,1.4,2020,Defer
CVE-2020-9103,PHYSICAL,LOW,NONE,NONE,HIGH,4.6,MEDIUM,0.9,3.6,2020,Allocate
CVE-2020-9244,PHYSICAL,LOW,HIGH,HIGH,HIGH,6.8,MEDIUM,0.9,5.9,2020,Allocate
CVE-2021-1111,PHYSICAL,LOW,LOW,LOW,HIGH,6.7,MEDIUM,0.9,5.3,2021,Allocate
CVE-2021-21597,PHYSICAL,LOW,HIGH,NONE,NONE,3.9,LOW,0.3,3.6,2021,Defer
CVE-2021-21598,PHYSICAL,LOW,HIGH,NONE,NONE,3.9,LOW,0.3,3.6,2021,Defer
CVE-2021-28633,PHYSICAL,LOW,NONE,HIGH,HIGH,6.1,MEDIUM,0.9,5.2,2021,Allocate
CVE-2021-30594,PHYSICAL,LOW,HIGH,HIGH,HIGH,6.8,MEDIUM,0.9,5.9,2021,Allocate
CVE-2021-30597,PHYSICAL,LOW,HIGH,HIGH,HIGH,6.8,MEDIUM,0.9,5.9,2021,Allocate
CVE-2021-30863,PHYSICAL,LOW,HIGH,HIGH,HIGH,6.8,MEDIUM,0.9,5.9,2021,Allocate
CVE-2021-30918,PHYSICAL,LOW,LOW,NONE,NONE,2.4,LOW,0.9,1.4,2021,Defer
CVE-2021-30932,PHYSICAL,LOW,HIGH,NONE,NONE,4.6,MEDIUM,0.9,3.6,2021,Allocate
CVE-2021-30948,PHYSICAL,LOW,HIGH,NONE,NONE,4.6,MEDIUM,0.9,3.6,2021,Allocate
CVE-2021-30956,PHYSICAL,LOW,LOW,NONE,NONE,2.4,LOW,0.9,1.4,2021,Defer
CVE-2021-3458,PHYSICAL,LOW,NONE,HIGH,NONE,4.6,MEDIUM,0.9,3.6,2021,Allocate
CVE-2021-3459,PHYSICAL,LOW,HIGH,HIGH,HIGH,6.8,MEDIUM,0.9,5.9,2021,Allocate
CVE-2021-3615,PHYSICAL,LOW,HIGH,HIGH,HIGH,6.8,MEDIUM,0.9,5.9,2021,Allocate
CVE-2021-3713,PHYSICAL,LOW,HIGH,HIGH,HIGH,7.4,HIGH,0.7,6.0,2021,Immediate Action
CVE-2021-38204,PHYSICAL,LOW,HIGH,HIGH,HIGH,6.8,MEDIUM,0.9,5.9,2021,Allocate
