id,descriptions,attackVector,vectorString,attackComplexity,confidentialityImpact,integrityImpact,availabilityImpact,baseScore,baseSeverity,exploitabilityScore,impactScore
CVE-2015-9297,"[{'lang': 'en', 'value': 'The events-manager plugin before 5.6 for WordPress has XSS.'}, {'lang': 'es', 'value': 'El complemento events-manager anterior a 5.6 para WordPress tiene XSS.'}]",NETWORK,CVSS:3.1/AV:N/AC:L/PR:N/UI:R/S:C/C:L/I:L/A:N,LOW,LOW,LOW,NONE,6.1,MEDIUM,2.8,2.7
CVE-2018-11058,"[{'lang': 'en', 'value': 'RSA BSAFE Micro Edition Suite, versions prior to 4.0.11 (in 4.0.x) and prior to 4.1.6 (in 4.1.x), and RSA BSAFE Crypto-C Micro Edition, version prior to 4.0.5.3 (in 4.0.x) contain a Buffer Over-Read vulnerability when parsing ASN.1 data. A remote attacker could use maliciously constructed ASN.1 data that would result in such issue.'}, {'lang': 'es', 'value': 'RSA BSAFE Micro Edition Suite, en versiones anteriores a la 4.0.11 (en las 4.0.x) y anteriores a la 4.1.6 (en las 4.1.0); y RSA BSAFE Crypto-C Micro Edition, en versiones anteriores a la 4.0.5.3 (en las 4.0.x), contienen una vulnerabilidad de sobrelectura de b�fer al analizar datos ASN.1. Un atacante remoto podr�a emplear datos ASN.1 construidos de forma maliciosa para provocar este problema.'}]",NETWORK,CVSS:3.1/AV:N/AC:L/PR:N/UI:N/S:U/C:H/I:H/A:H,LOW,HIGH,HIGH,HIGH,9.8,CRITICAL,3.9,5.9
CVE-2019-11544,"[{'lang': 'en', 'value': 'An issue was discovered in GitLab Community and Enterprise Edition 8.x, 9.x, 10.x, and 11.x before 11.8.9, 11.9.x before 11.9.10, and 11.10.x before 11.10.2. It allows Information Disclosure. Non-member users who subscribe to notifications of an internal project with issue and repository restrictions will receive emails about restricted events.'}, {'lang': 'es', 'value': 'Se detect� un problema en GitLab Community and Enterprise Edition versiones 8.x, 9.x, 10.x y versiones 11.x anteriores a 11.8.9, versiones 11.9.x anteriores a 11.9.10 y versiones 11.10.x anteriores a 11.10.2. Permite la divulgaci�n de informaci�n. Usuarios no miembros que se suscriban a notificaciones de un proyecto interno con restricciones de problemas y repositorio recibir�n correos electr�nicos sobre eventos restringidos.'}]",NETWORK,CVSS:3.1/AV:N/AC:L/PR:L/UI:N/S:U/C:L/I:N/A:N,LOW,LOW,NONE,NONE,4.3,MEDIUM,2.8,1.4
CVE-2019-4340,"[{'lang': 'en', 'value': 'IBM Security Guardium Big Data Intelligence 4.0 (SonarG) is vulnerable to an XML External Entity Injection (XXE) attack when processing XML data. A remote attacker could exploit this vulnerability to expose sensitive information or consume memory resources. IBM X-Force ID: 161419.'}, {'lang': 'es', 'value': 'IBM Security Guardium Big Data Intelligence 4.0 (SonarG) es vulnerable a un ataque de inyecci�n de entidadexterna XML (XXE) al procesar datos XML. Un atacante remoto podr�a aprovechar esta vulnerabilidad para exponer informaci�n confidencial o consumir recursos de memoria. ID de IBM X-Force: 161419.'}]",NETWORK,CVSS:3.1/AV:N/AC:L/PR:N/UI:N/S:U/C:H/I:N/A:L,LOW,HIGH,NONE,LOW,8.2,HIGH,3.9,4.2
CVE-2019-4691,"[{'lang': 'en', 'value': 'IBM Security Guardium Data Encryption (GDE) 3.0.0.2 is vulnerable to cross-site scripting. This vulnerability allows users to embed arbitrary JavaScript code in the Web UI thus altering the intended functionality potentially leading to credentials disclosure within a trusted session. IBM X-Force ID: 171828.'}, {'lang': 'es', 'value': 'IBM Security Guardium Data Encryption (GDE) versi�n 3.0.0.2, es vulnerable a cross-site scripting. Esta vulnerabilidad permite a usuarios insertar c�digo JavaScript arbitrario en la Interfaz de Usuario Web, alterando as� la funcionalidad prevista conllevando potencialmente a una divulgaci�n de credenciales dentro de una sesi�n confiable. IBM X-Force ID: 171828'}]",NETWORK,CVSS:3.1/AV:N/AC:L/PR:L/UI:R/S:C/C:L/I:L/A:N,LOW,LOW,LOW,NONE,5.4,MEDIUM,2.3,2.7
CVE-2019-7410,"[{'lang': 'en', 'value': 'There is stored cross site scripting (XSS) in Galileo CMS v0.042. Remote authenticated users could inject arbitrary web script or HTML via $page_title in /lib/Galileo/files/templates/page/show.html.ep (aka the PAGE TITLE Field).'}, {'lang': 'es', 'value': 'Se presenta una vulnerabilidad de tipo cross site scripting (XSS) almacenado en Galileo CMS versi�n v0.042. Los usuarios autenticados remotos pueden inyectar script web o HTML arbitrario por medio de la funci�n $page_title en la biblioteca /lib/Galileo/files/templates/page/show.html.ep (tambi�n se conoce como el Campo PAGE TITLE).'}]",NETWORK,CVSS:3.1/AV:N/AC:L/PR:N/UI:R/S:C/C:L/I:L/A:N,LOW,LOW,LOW,NONE,6.1,MEDIUM,2.8,2.7
CVE-2020-13287,"[{'lang': 'en', 'value': 'A vulnerability was discovered in GitLab versions before 13.1.10, 13.2.8 and 13.3.4. Project reporters and above could see confidential EPIC attached to confidential issues'}, {'lang': 'es', 'value': 'Se detect� una vulnerabilidad en GitLab versiones anteriores a 13.1.10, 13.2.8 y 13.3.4.&#xa0;Los reporteros del proyecto y superiores podr�an ver un EPIC confidencial adjunto a temas confidenciales'}]",NETWORK,CVSS:3.1/AV:N/AC:L/PR:L/UI:N/S:U/C:L/I:N/A:N,LOW,LOW,NONE,NONE,4.3,MEDIUM,2.8,1.4
CVE-2020-16139,"[{'lang': 'en', 'value': '** UNSUPPORTED WHEN ASSIGNED ** A denial-of-service in Cisco Unified IP Conference Station 7937G 1-4-4-0 through 1-4-5-7 allows attackers restart the device remotely through sending specially crafted packets. Note: We cannot prove this vulnerability exists. Out of an abundance of caution, this CVE is being assigned to better serve our customers and ensure all who are still running this product understand that the product is end of life and should be removed or upgraded. For more information on this, and how to upgrade, refer to the CVE�s reference information.'}, {'lang': 'es', 'value': '** NO SOPORTADO CUANDO FUE ASIGNADO ** Una denegaci�n de servicio en Cisco Unified IP Conference Station 7937G versiones 1-4-4-0 a 1-4-5-7, permite a atacantes reiniciar el dispositivo de remotamente mediante el env�o de paquetes especialmente dise�ados. Nota: No podemos probar que esta vulnerabilidad exista. Por precauci�n, este CVE es asignado para brindar un mejor servicio a nuestros clientes y garantizar que todos los que a�n usan este producto comprendan que el producto est� al final de su vida �til y que debe ser eliminado o actualizado. Para m�s informaci�n sobre esto y c�mo actualizar, consulte la informaci�n de referencia del CVE'}]",NETWORK,CVSS:3.1/AV:N/AC:L/PR:N/UI:N/S:U/C:N/I:N/A:H,LOW,NONE,NONE,HIGH,7.5,HIGH,3.9,3.6
CVE-2020-16275,"[{'lang': 'en', 'value': 'A cross-site scripting (XSS) vulnerability in the Credential Manager component in SAINT Security Suite 8.0 through 9.8.20 could allow arbitrary script to run in the context of a logged-in user when the user clicks on a specially crafted link.'}, {'lang': 'es', 'value': 'Una vulnerabilidad de tipo cross-site scripting (XSS) en el componente Credential Manager en SAINT Security Suite versiones 8.0 hasta 9.8.20, podr�a permitir que se ejecuten script arbitrario en el contexto de un usuario que ha iniciado sesi�n cuando el usuario hace clic en un enlace especialmente dise�ado'}]",NETWORK,CVSS:3.1/AV:N/AC:L/PR:N/UI:R/S:C/C:L/I:L/A:N,LOW,LOW,LOW,NONE,6.1,MEDIUM,2.8,2.7
CVE-2020-24361,"[{'lang': 'en', 'value': 'SNMPTT before 1.4.2 allows attackers to execute shell code via EXEC, PREXEC, or unknown_trap_exec.'}, {'lang': 'es', 'value': 'SNMPTT versiones anteriores a 1.4.2, permite a atacantes ejecutar c�digo de shell por medio de las funciones EXEC, PREXEC o unknown_trap_exec.'}]",NETWORK,CVSS:3.1/AV:N/AC:L/PR:N/UI:N/S:U/C:H/I:H/A:H,LOW,HIGH,HIGH,HIGH,9.8,CRITICAL,3.9,5.9
CVE-2020-24661,"[{'lang': 'en', 'value': 'GNOME Geary before 3.36.3 mishandles pinned TLS certificate verification for IMAP and SMTP services using invalid TLS certificates (e.g., self-signed certificates) when the client system is not configured to use a system-provided PKCS#11 store. This allows a meddler in the middle to present a different invalid certificate to intercept incoming and outgoing mail.'}, {'lang': 'es', 'value': 'GNOME Geary versiones anteriores a 3.36.3, maneja inapropiadamente la verificaci�n del certificado TLS anclado para servicios IMAP y SMTP usando certificados TLS no v�lidos (por ejemplo, certificados autofirmados) cuando el sistema cliente no est� configurado para usar una tienda PKCS#11 proporcionada por el sistema. Esto permite a un atacante de tipo meddler in the middle presentar un certificado no v�lido diferente para interceptar el correo entrante y saliente'}]",NETWORK,CVSS:3.1/AV:N/AC:H/PR:N/UI:N/S:U/C:H/I:N/A:N,HIGH,HIGH,NONE,NONE,5.9,MEDIUM,2.2,3.6
CVE-2020-25563,"[{'lang': 'en', 'value': 'In SapphireIMS 5.0, it is possible to create local administrator on any client without requiring any credentials by directly accessing RemoteMgmtTaskSave (Automation Tasks) feature and not having a JSESSIONID.'}, {'lang': 'es', 'value': 'En SapphireIMS versi�n 5.0, es posible crear un administrador local en cualquier cliente sin necesidad de credenciales al acceder directamente a la funcionalidad RemoteMgmtTaskSave (Automation Tasks) y sin tener un JSESSIONID'}]",NETWORK,CVSS:3.1/AV:N/AC:L/PR:N/UI:N/S:U/C:H/I:H/A:H,LOW,HIGH,HIGH,HIGH,9.8,CRITICAL,3.9,5.9
CVE-2020-25576,"[{'lang': 'en', 'value': 'An issue was discovered in the rand_core crate before 0.4.2 for Rust. Casting of byte slices to integer slices mishandles alignment constraints.'}, {'lang': 'es', 'value': 'Se detect� un problema en la crate rand_core versiones anteriores a 0.4.2 para Rust.&#xa0;La conversi�n de segmentos de bytes a segmentos de enteros maneja inapropiadamente las restricciones de alineaci�n'}]",NETWORK,CVSS:3.1/AV:N/AC:L/PR:N/UI:N/S:U/C:H/I:H/A:H,LOW,HIGH,HIGH,HIGH,9.8,CRITICAL,3.9,5.9
CVE-2020-5622,"[{'lang': 'en', 'value': 'Shadankun Server Security Type (excluding normal blocking method types) Ver.1.5.3 and earlier allows remote attackers to cause a denial of service which may result in not being able to add newly detected attack source IP addresses as blocking targets for about 10 minutes via a specially crafted request.'}, {'lang': 'es', 'value': 'Shadankun Server Security Type (excluyendo los tipos de m�todos de bloqueo normales) versiones Ver.1.5.3 y anteriores, permite a atacantes remotos causar una denegaci�n de servicio que puede resultar en no poder agregar direcciones IP de fuentes de ataque reci�n detectadas como objetivos de bloqueo por aproximadamente 10 minutos mediante una petici�n especialmente dise�ada'}]",NETWORK,CVSS:3.1/AV:N/AC:L/PR:N/UI:N/S:U/C:N/I:N/A:H,LOW,NONE,NONE,HIGH,7.5,HIGH,3.9,3.6
CVE-2020-5925,"[{'lang': 'en', 'value': 'In BIG-IP versions 15.1.0-15.1.0.4, 15.0.0-15.0.1.3, 14.1.0-14.1.2.6, 13.1.0-13.1.3.3, 12.1.0-12.1.5.1, and 11.6.1-11.6.5.1, undisclosed internally generated UDP traffic may cause the Traffic Management Microkernel (TMM) to restart under some circumstances.'}, {'lang': 'es', 'value': 'En BIG-IP versiones 15.1.0-15.1.0.4, 15.0.0-15.0.1.3, 14.1.0-14.1.2.6, 13.1.0-13.1.3.3, 12.1.0-12.1.5.1 y 11.6.1- 11.6.5.1, el tr�fico UDP generado internamente no revelado puede hacer que el Traffic Management Microkernel (TMM) se reinicie en algunas circunstancias'}]",NETWORK,CVSS:3.1/AV:N/AC:L/PR:N/UI:N/S:U/C:N/I:N/A:H,LOW,NONE,NONE,HIGH,7.5,HIGH,3.9,3.6
CVE-2020-6118,"[{'lang': 'en', 'value': 'SQL injection vulnerabilities exist in the CheckDuplicateStudent.php page of OS4Ed openSIS 7.3. The bmonth parameter in the page CheckDuplicateStudent.php is vulnerable to SQL injection. An attacker can make an authenticated HTTP request to trigger this vulnerability.'}, {'lang': 'es', 'value': 'Se presentan vulnerabilidades de inyecci�n SQL en la p�gina CheckDuplicateStudent.php de OS4Ed openSIS versi�n 7.3.&#xa0;El par�metro bmonth en la p�gina CheckDuplicateStudent.php es vulnerable a una inyecci�n SQL.&#xa0;Un atacante puede hacer una petici�n HTTP autenticada para desencadenar esta vulnerabilidad'}]",NETWORK,CVSS:3.1/AV:N/AC:L/PR:L/UI:N/S:U/C:H/I:H/A:H,LOW,HIGH,HIGH,HIGH,8.8,HIGH,2.8,5.9
CVE-2020-6140,"[{'lang': 'en', 'value': 'SQL injection vulnerability exists in the password reset functionality of OS4Ed openSIS 7.3. The password_stf_email parameter in the password reset page /opensis/ResetUserInfo.php is vulnerable to SQL injection. An attacker can send an HTTP request to trigger this vulnerability.'}, {'lang': 'es', 'value': 'Se presenta una vulnerabilidad de inyecci�n SQL en la funcionalidad password reset de OS4Ed openSIS versi�n 7.3.&#xa0;El par�metro password_stf_email en la p�gina de restablecimiento de contrase�a /opensis/ResetUserInfo.php es vulnerable a una inyecci�n SQL.&#xa0;Un atacante puede enviar una petici�n HTTP para desencadenar esta vulnerabilidad'}]",NETWORK,CVSS:3.1/AV:N/AC:L/PR:N/UI:N/S:U/C:H/I:H/A:H,LOW,HIGH,HIGH,HIGH,9.8,CRITICAL,3.9,5.9
CVE-2021-32596,"[{'lang': 'en', 'value': 'A use of one-way hash with a predictable salt vulnerability in the password storing mechanism of FortiPortal 6.0.0 through 6.04 may allow an attacker already in possession of the password store to decrypt the passwords by means of precomputed tables.'}, {'lang': 'es', 'value': 'Una vulnerabilidad en el uso de hash unidireccional con una salt predecible en el mecanismo de almacenamiento de contrase�as de FortiPortal versiones 6.0.0 hasta 6.04, puede permitir a un atacante que ya est� en posesi�n del almac�n de contrase�as descifrar las contrase�as mediante tablas precalculadas'}]",NETWORK,CVSS:3.1/AV:N/AC:L/PR:N/UI:N/S:U/C:H/I:N/A:N,LOW,HIGH,NONE,NONE,7.5,HIGH,3.9,3.6
CVE-2021-34524,"[{'lang': 'en', 'value': 'Microsoft Dynamics 365 (on-premises) Remote Code Execution Vulnerability'}, {'lang': 'es', 'value': 'Una Vulnerabilidad de Ejecuci�n de C�digo Remota  en Microsoft Dynamics 365 (on-premises)'}]",NETWORK,CVSS:3.1/AV:N/AC:L/PR:L/UI:N/S:U/C:H/I:H/A:H,LOW,HIGH,HIGH,HIGH,8.8,HIGH,2.8,5.9
CVE-2021-3678,"[{'lang': 'en', 'value': 'showdoc is vulnerable to Use of Cryptographically Weak Pseudo-Random Number Generator (PRNG)'}, {'lang': 'es', 'value': 'showdoc es vulnerable al Uso de un Generador de N�meros Pseudoaleatorios (PRNG) Criptogr�ficamente D�bil'}]",NETWORK,CVSS:3.1/AV:N/AC:H/PR:N/UI:N/S:U/C:H/I:N/A:N,HIGH,HIGH,NONE,NONE,5.9,MEDIUM,2.2,3.6
CVE-2021-38619,"[{'lang': 'en', 'value': 'openBaraza HCM 3.1.6 does not properly neutralize user-controllable input: an unauthenticated remote attacker can conduct a stored cross-site scripting (XSS) attack against an administrative user from hr/subscription.jsp and hr/application.jsp and and hr/index.jsp (with view=).'}, {'lang': 'es', 'value': 'openBaraza HCM versi�n 3.1.6, no neutraliza apropiadamente la entrada controlable por el usuario: un atacante no autenticado remoto puede conducir un ataque de tipo cross-site scripting (XSS) almacenado contra un usuario administrativo desde los archivos hr/subscription.jsp y hr/application.jsp y  hr/index.jsp (con view=).'}]",NETWORK,CVSS:3.1/AV:N/AC:L/PR:N/UI:R/S:C/C:L/I:L/A:N,LOW,LOW,LOW,NONE,6.1,MEDIUM,2.8,2.7
CVE-2017-11657,"[{'lang': 'en', 'value': 'Dashlane might allow local users to gain privileges by placing a Trojan horse WINHTTP.dll in the %APPDATA%\Dashlane directory.'}, {'lang': 'es', 'value': 'Dashlane podr�a permitir que los usuarios locales consigan privilegios mediante la colocaci�n de un troyano WINHTTP.dll en el directorio %APPDATA%\Dashlane.'}]",LOCAL,CVSS:3.1/AV:L/AC:L/PR:L/UI:R/S:U/C:H/I:H/A:H,LOW,HIGH,HIGH,HIGH,7.3,HIGH,1.3,5.9
CVE-2019-10988,"[{'lang': 'en', 'value': 'In Philips HDI 4000 Ultrasound Systems, all versions running on old, unsupported operating systems such as Windows 2000, the HDI 4000 Ultrasound System is built on an old operating system that is no longer supported. Thus, any unmitigated vulnerability in the old operating system could be exploited to affect this product.'}, {'lang': 'es', 'value': 'En Philips HDI 4000 Ultrasound Systems, todas las versiones que se ejecutan en sistemas operativos no compatibles y antiguos, como Windows 2000, el HDI 4000 Ultrasound System est� construido sobre un sistema operativo antiguo que ya no es compatible. Por lo tanto, cualquier vulnerabilidad no mitigada en el sistema operativo antiguo podr�a ser explotada para afectar este producto.'}]",LOCAL,CVSS:3.1/AV:L/AC:L/PR:H/UI:N/S:U/C:L/I:L/A:N,LOW,LOW,LOW,NONE,3.4,LOW,0.8,2.5
CVE-2019-1924,"[{'lang': 'en', 'value': 'Multiple vulnerabilities in Cisco Webex Network Recording Player for Microsoft Windows and Cisco Webex Player for Microsoft Windows could allow an attacker to execute arbitrary code on an affected system. The vulnerabilities exist because the affected software improperly validates Advanced Recording Format (ARF) and Webex Recording Format (WRF) files. An attacker could exploit these vulnerabilities by sending a user a malicious ARF or WRF file through a link or email attachment and persuading the user to open the file with the affected software on the local system. A successful exploit could allow the attacker to execute arbitrary code on the affected system with the privileges of the targeted user.'}, {'lang': 'es', 'value': 'M�ltiples vulnerabilidades en Webex Network Recording Player de Cisco para Windows de Microsoft y Webex Player de Cisco para Windows de Microsoft, podr�an permitir a un atacante ejecutar c�digo arbitrario en un sistema afectado. Las vulnerabilidades se presentan porque el software afectado comprueba inapropiadamente los archivos de formato de grabaci�n avanzado (ARF) y de formato de grabaci�n Webex (WRF). Un atacante podr�a explotar estas vulnerabilidades al enviar a un usuario un archivo ARF o WRF malicioso por medio de un enlace o archivo adjunto de correo electr�nico y persuadiendo al usuario para que abra el archivo con el software afectado en el sistema local. Una explotaci�n con �xito podr�a permitir al atacante ejecutar c�digo arbitrario sobre el sistema afectado con los privilegios del usuario apuntado.'}]",LOCAL,CVSS:3.1/AV:L/AC:L/PR:N/UI:R/S:U/C:H/I:H/A:H,LOW,HIGH,HIGH,HIGH,7.8,HIGH,1.8,5.9
CVE-2019-4133,"[{'lang': 'en', 'value': 'IBM Cloud Automation Manager 3.1.2 could allow a malicious user on the client side (with access to client computer) to run a custom script. IBM X-Force ID: 158278.'}, {'lang': 'es', 'value': 'IBM Cloud Automation Manager 3.1.2 podr�a permitir a un usuario malicioso del lado del cliente (con acceso a la computadora del cliente) ejecutar un script personalizado. ID de IBM X-Force: 158278.'}]",LOCAL,CVSS:3.1/AV:L/AC:L/PR:L/UI:N/S:C/C:N/I:L/A:L,LOW,NONE,LOW,LOW,5.2,MEDIUM,2.0,2.7
CVE-2019-9455,"[{'lang': 'en', 'value': 'In the Android kernel in the video driver there is a kernel pointer leak due to a WARN_ON statement. This could lead to local information disclosure with System execution privileges needed. User interaction is not needed for exploitation.'}, {'lang': 'es', 'value': 'En el kernel de Android en el controlador de v�deo hay una fuga del puntero del kernel debido a una declaraci�n WARN_ON. Esto podr�a llevar a una divulgaci�n de informaci�n local con privilegios de ejecuci�n System necesarios. No se necesita interacci�n del usuario para explotarlo.'}]",LOCAL,CVSS:3.1/AV:L/AC:L/PR:H/UI:N/S:U/C:L/I:N/A:N,LOW,LOW,NONE,NONE,2.3,LOW,0.8,1.4
CVE-2020-0238,"[{'lang': 'en', 'value': 'In updatePreferenceIntents of AccountTypePreferenceLoader, there is a possible confused deputy attack due to a race condition. This could lead to local escalation of privilege and launching privileged activities with no additional execution privileges needed. User interaction is not needed for exploitation.Product: AndroidVersions: Android-8.1 Android-9 Android-10 Android-8.0Android ID: A-150946634'}, {'lang': 'es', 'value': 'En la funci�n updatePreferenceIntents de AccountTypePreferenceLoader, se presenta un posible ataque de tipo confused deputy debido a una condici�n de carrera. Esto podr�a conllevar a una escalada local de privilegios y al inicio de actividades privilegiadas sin ser necesarios privilegios de ejecuci�n adicionales. No es requerida una interacci�n del usuario para su explotaci�n. Producto: Android, Versiones: Android-8.1 Android-9 Android-10 Android-8.0, ID de Android: A-150946634'}]",LOCAL,CVSS:3.1/AV:L/AC:H/PR:L/UI:N/S:U/C:H/I:H/A:H,HIGH,HIGH,HIGH,HIGH,7.0,HIGH,1.0,5.9
CVE-2020-0261,"[{'lang': 'en', 'value': 'In C2 flame devices, there is a possible bypass of seccomp due to a missing configuration file. This could lead to local escalation of privilege with no additional execution privileges needed. User interaction is not needed for exploitation.Product: AndroidVersions: Android kernelAndroid ID: A-146059841'}, {'lang': 'es', 'value': 'En los dispositivos de llama C2, se presenta una posible omisi�n de seccomp debido a una falta de un archivo de configuraci�n. Esto podr�a conllevar a una escalada local de privilegios sin ser necesarios privilegios de ejecuci�n adicionales. No es requerida una interacci�n del usuario  para su explotaci�n. Producto: Android, Versiones: kernel de Android, ID de Android: A-146059841'}]",LOCAL,CVSS:3.1/AV:L/AC:L/PR:L/UI:N/S:U/C:H/I:H/A:H,LOW,HIGH,HIGH,HIGH,7.8,HIGH,1.8,5.9
CVE-2020-14350,"[{'lang': 'en', 'value': 'It was found that some PostgreSQL extensions did not use search_path safely in their installation script. An attacker with sufficient privileges could use this flaw to trick an administrator into executing a specially crafted script, during the installation or update of such extension. This affects PostgreSQL versions before 12.4, before 11.9, before 10.14, before 9.6.19, and before 9.5.23.'}, {'lang': 'es', 'value': 'Se detect� que algunas extensiones de PostgreSQL no usaban la funci�n search_path de forma segura en su script de instalaci�n. Un atacante con suficientes privilegios podr�a usar este fallo para enga�ar a un administrador para ejecutar un script especialmente dise�ado durante la instalaci�n o actualizaci�n de dicha extensi�n. Esto afecta a PostgreSQL versiones anteriores a 12.4, anteriores a 11.9, anteriores a 10.14, anteriores a 9.6.19 y anteriores a 9.5.23.'}]",LOCAL,CVSS:3.1/AV:L/AC:L/PR:L/UI:R/S:U/C:H/I:H/A:H,LOW,HIGH,HIGH,HIGH,7.3,HIGH,1.3,5.9
CVE-2020-15861,"[{'lang': 'en', 'value': 'Net-SNMP through 5.7.3 allows Escalation of Privileges because of UNIX symbolic link (symlink) following.'}, {'lang': 'es', 'value': 'Net-SNMP versiones hasta 5.7.3, permite una Escalada de Privilegios debido al seguimiento de un enlace simb�lico (symlink) de UNIX.'}]",LOCAL,CVSS:3.1/AV:L/AC:L/PR:L/UI:N/S:U/C:H/I:H/A:H,LOW,HIGH,HIGH,HIGH,7.8,HIGH,1.8,5.9
CVE-2020-16221,"[{'lang': 'en', 'value': 'Delta Electronics TPEditor Versions 1.97 and prior. A stack-based buffer overflow may be exploited by processing a specially crafted project file. Successful exploitation of this vulnerability may allow an attacker to read/modify information, execute arbitrary code, and/or crash the application.'}, {'lang': 'es', 'value': 'Delta Electronics TPEditor Versiones 1.97 y anteriores. Un desbordamiento del b�fer en la regi�n stack de la memoria puede ser explotado al procesar un archivo de proyecto especialmente dise�ado. Una explotaci�n con �xito de esta vulnerabilidad puede permitir a un atacante leer y modificar informaci�n, ejecutar c�digo arbitrario y/o bloquear la aplicaci�n'}]",LOCAL,CVSS:3.1/AV:L/AC:L/PR:N/UI:R/S:U/C:H/I:H/A:H,LOW,HIGH,HIGH,HIGH,7.8,HIGH,1.8,5.9
CVE-2020-16293,"[{'lang': 'en', 'value': 'A null pointer dereference vulnerability in compose_group_nonknockout_nonblend_isolated_allmask_common() in base/gxblend.c of Artifex Software GhostScript v9.50 allows a remote attacker to cause a denial of service via a crafted PDF file. This is fixed in v9.51.'}, {'lang': 'es', 'value': 'Una vulnerabilidad de desreferencia del puntero null en la funci�n compose_group_nonknockout_nonblend_isolated_allmask_common() en el archivo base/gxblend.c de Artifex Software GhostScript versi�n v9.50, permite a un atacante remoto causar una denegaci�n de servicio por medio de un archivo PDF dise�ado. Esto es corregido en la versi�n v9.51'}]",LOCAL,CVSS:3.1/AV:L/AC:L/PR:N/UI:R/S:U/C:N/I:N/A:H,LOW,NONE,NONE,HIGH,5.5,MEDIUM,1.8,3.6
CVE-2020-16298,"[{'lang': 'en', 'value': 'A buffer overflow vulnerability in mj_color_correct() in contrib/japanese/gdevmjc.c of Artifex Software GhostScript v9.50 allows a remote attacker to cause a denial of service via a crafted PDF file. This is fixed in v9.51.'}, {'lang': 'es', 'value': 'Una vulnerabilidad de desbordamiento del b�fer en la funci�n mj_color_correct() en el archivo contrib/japanese/gdevmjc.c de Artifex Software GhostScript versi�n v9.50, permite a un atacante remoto causar una denegaci�n de servicio por medio de un archivo PDF dise�ado. Esto es corregido en la versi�n v9.51'}]",LOCAL,CVSS:3.1/AV:L/AC:L/PR:N/UI:R/S:U/C:N/I:N/A:H,LOW,NONE,NONE,HIGH,5.5,MEDIUM,1.8,3.6
CVE-2020-18900,"[{'lang': 'en', 'value': '** DISPUTED ** A heap-based buffer overflow in the libexe_io_handle_read_coff_optional_header function of libyal libexe before 20181128. NOTE: the vendor has disputed this as described in libyal/libexe issue 1 on GitHub.'}, {'lang': 'es', 'value': '** EN DISPUTA ** Un desbordamiento de b�fer en la regi�n heap de la memoria en la funci�n libexe_io_handle_read_coff_optional_header de libyal libexe versiones anteriores a 20181128. NOTA: el proveedor ha disputado esto como se describe en libyal/libexe issue 1 en GitHub.'}]",LOCAL,CVSS:3.1/AV:L/AC:L/PR:N/UI:R/S:U/C:N/I:N/A:L,LOW,NONE,NONE,LOW,3.3,LOW,1.8,1.4
CVE-2020-24716,"[{'lang': 'en', 'value': 'OpenZFS before 2.0.0-rc1, when used on FreeBSD, allows execute permissions for all directories.'}, {'lang': 'es', 'value': 'OpenZFS versiones anteriores a 2.0.0-rc1, cuando es usado en FreeBSD, permite ejecutar permisos para todos los directorios'}]",LOCAL,CVSS:3.1/AV:L/AC:L/PR:L/UI:N/S:U/C:H/I:H/A:H,LOW,HIGH,HIGH,HIGH,7.8,HIGH,1.8,5.9
CVE-2020-7352,"[{'lang': 'en', 'value': 'The GalaxyClientService component of GOG Galaxy runs with elevated SYSTEM privileges in a Windows environment. Due to the software shipping with embedded, static RSA private key, an attacker with this key material and local user permissions can effectively send any operating system command to the service for execution in this elevated context. The service listens for such commands on a locally-bound network port, localhost:9978. A Metasploit module has been published which exploits this vulnerability. This issue affects the 2.0.x branch of the software (2.0.12 and earlier) as well as the 1.2.x branch (1.2.64 and earlier). A fix was issued for the 2.0.x branch of the affected software.'}, {'lang': 'es', 'value': 'El componente GalaxyClientService de GOG Galaxy se ejecuta con privilegios SYSTEM elevados en un entorno Windows. Debido a que el software se entrega con clave privada RSA est�tica incorporada, un atacante con este material clave y permisos de usuario local puede enviar de forma efectiva cualquier comando del sistema operativo hacia el servicio para su ejecuci�n en este contexto elevado. El servicio escucha dichos comandos en un puerto de red enlazado localmente, localhost: 9978. Se ha publicado un m�dulo Metasploit que explota esta vulnerabilidad. Este problema afecta a la rama 2.0.x del software (versi�n 2.0.12 y anteriores), as� como a la rama 1.2.x (versi�n 1.2.64 y anteriores). Una correcci�n fue emitida para la rama 2.0.x del software afectado'}]",LOCAL,CVSS:3.1/AV:L/AC:L/PR:L/UI:N/S:C/C:H/I:H/A:H,LOW,HIGH,HIGH,HIGH,8.8,HIGH,2.0,6.0
CVE-2020-9694,"[{'lang': 'en', 'value': 'Adobe Acrobat and Reader versions 2020.009.20074 and earlier, 2020.001.30002, 2017.011.30171 and earlier, and 2015.006.30523 and earlier have an out-of-bounds write vulnerability. Successful exploitation could lead to arbitrary code execution .'}, {'lang': 'es', 'value': 'Adobe Acrobat and Reader versiones 2020.009.20074 y anteriores, versiones 2020.001.30002, 2017.011.30171 y anteriores, y versiones 2015.006.30523 y anteriores, presentan una vulnerabilidad de escritura fuera de l�mites. Una explotaci�n con �xito podr�a conllevar a una ejecuci�n de c�digo arbitraria.'}]",LOCAL,CVSS:3.1/AV:L/AC:L/PR:N/UI:R/S:U/C:H/I:H/A:H,LOW,HIGH,HIGH,HIGH,7.8,HIGH,1.8,5.9
CVE-2020-9710,"[{'lang': 'en', 'value': 'Adobe Acrobat and Reader versions 2020.009.20074 and earlier, 2020.001.30002, 2017.011.30171 and earlier, and 2015.006.30523 and earlier have an out-of-bounds read vulnerability. Successful exploitation could lead to information disclosure.'}, {'lang': 'es', 'value': 'Adobe Acrobat and Reader versiones 2020.009.20074 y anteriores, versiones 2020.001.30002, 2017.011.30171 y anteriores, y versiones 2015.006.30523 y anteriores, presentan una vulnerabilidad de lectura fuera de l�mites. Una explotaci�n con �xito podr�a conllevar a una divulgaci�n de informaci�n.'}]",LOCAL,CVSS:3.1/AV:L/AC:L/PR:N/UI:R/S:U/C:L/I:N/A:N,LOW,LOW,NONE,NONE,3.3,LOW,1.8,1.4
CVE-2020-9712,"[{'lang': 'en', 'value': 'Adobe Acrobat and Reader versions 2020.009.20074 and earlier, 2020.001.30002, 2017.011.30171 and earlier, and 2015.006.30523 and earlier have a security bypass vulnerability. Successful exploitation could lead to security feature bypass.'}, {'lang': 'es', 'value': 'Adobe Acrobat and Reader versiones 2020.009.20074 y anteriores, versiones 2020.001.30002, 2017.011.30171 y anteriores, y versiones 2015.006.30523 y anteriores, presentan una vulnerabilidad de omisi�n de seguridad. Una explotaci�n con �xito podr�a conllevar a una omisi�n de la caracter�stica de seguridad.'}]",LOCAL,CVSS:3.1/AV:L/AC:L/PR:N/UI:R/S:U/C:N/I:H/A:N,LOW,NONE,HIGH,NONE,5.5,MEDIUM,1.8,3.6
CVE-2021-0006,"[{'lang': 'en', 'value': 'Improper conditions check in firmware for Intel(R) Ethernet Adapters 800 Series Controllers and associated adapters before version 1.5.4.0 may allow a privileged user to potentially enable denial of service via local access.'}, {'lang': 'es', 'value': 'Una comprobaci�n de condiciones inapropiadas en el firmware para los controladores Intel(R) Ethernet Adapters 800 Series y los adaptadores asociados versiones anteriores a 1.5.4.0, puede permitir a un usuario privilegiado habilitar potencialmente una denegaci�n de servicio por medio del acceso local'}]",LOCAL,CVSS:3.1/AV:L/AC:L/PR:H/UI:N/S:U/C:N/I:N/A:H,LOW,NONE,NONE,HIGH,4.4,MEDIUM,0.8,3.6
CVE-2021-0408,"[{'lang': 'en', 'value': 'In asf extractor, there is a possible out of bounds read due to an incorrect bounds check. This could lead to local information disclosure with no additional execution privileges needed. User interaction is not needed for exploitation. Patch ID: ALPS05489195; Issue ID: ALPS05489220.'}, {'lang': 'es', 'value': 'En asf extractor, se presenta una posible lectura fuera de l�mites debido a una comprobaci�n de l�mites incorrecta. Esto podr�a conllevar a una divulgaci�n de informaci�n local sin ser necesarios privilegios de ejecuci�n adicionales. No es requerida una interacci�n del usuario para su explotaci�n. ID del Parche: ALPS05489195; ID del Problema: ALPS05489220.'}]",LOCAL,CVSS:3.1/AV:L/AC:L/PR:L/UI:N/S:U/C:H/I:N/A:N,LOW,HIGH,NONE,NONE,5.5,MEDIUM,1.8,3.6
CVE-2021-0640,"[{'lang': 'en', 'value': 'In noteAtomLogged of StatsdStats.cpp, there is a possible out of bounds write due to a missing bounds check. This could lead to local escalation of privilege with no additional execution privileges needed. User interaction is not needed for exploitation.Product: AndroidVersions: Android-10 Android-11 Android-9Android ID: A-187957589'}, {'lang': 'es', 'value': 'En la funci�n noteAtomLogged del archivo StatsdStats.cpp, se presenta una posible escritura fuera de l�mites debido a una falta de comprobaci�n de l�mites. Esto podr�a conllevar a una escalada de privilegios local sin ser necesarios privilegios de ejecuci�n adicionales. No es requerida una interacci�n del usuario para su explotaci�n. Producto: Android, Versiones: Android-10 Android-11 Android-9, ID de Android: A-187957589'}]",LOCAL,CVSS:3.1/AV:L/AC:L/PR:L/UI:N/S:U/C:H/I:H/A:H,LOW,HIGH,HIGH,HIGH,7.8,HIGH,1.8,5.9
CVE-2021-21790,"[{'lang': 'en', 'value': 'An information disclosure vulnerability exists in the the way IOBit Advanced SystemCare Ultimate 14.2.0.220 driver handles Privileged I/O read requests. A specially crafted I/O request packet (IRP) can lead to privileged reads in the context of a driver which can result in sensitive information disclosure from the kernel. The IN instruction can read two bytes from the given I/O device, potentially leaking sensitive device data to unprivileged users.'}, {'lang': 'es', 'value': 'Se presenta una vulnerabilidad de divulgaci�n de informaci�n en la manera en que el controlador IOBit Advanced SystemCare Ultimate versi�n 14.2.0.220, maneja las peticiones de lectura de I/O privilegiado. Un paquete de petici�n de I/O (IRP) especialmente dise�ado puede conllevar a lecturas privilegiadas en el contexto de un controlador que puede resultar en la divulgaci�n de informaci�n confidencial del kernel. La instrucci�n IN puede leer dos bytes del dispositivo de I/O dado, filtrando potencialmente datos confidenciales del dispositivo a usuarios no privilegiados'}]",LOCAL,CVSS:3.1/AV:L/AC:L/PR:L/UI:N/S:U/C:H/I:N/A:N,LOW,HIGH,NONE,NONE,5.5,MEDIUM,1.8,3.6
CVE-2021-21792,"[{'lang': 'en', 'value': 'An information disclosure vulnerability exists in the the way IOBit Advanced SystemCare Ultimate 14.2.0.220 driver handles Privileged I/O read requests. A specially crafted I/O request packet (IRP) can lead to privileged reads in the context of a driver which can result in sensitive information disclosure from the kernel. The IN instruction can read four bytes from the given I/O device, potentially leaking sensitive device data to unprivileged users.'}, {'lang': 'es', 'value': 'Se presenta una vulnerabilidad de divulgaci�n de informaci�n en la manera en que el controlador IOBit Advanced SystemCare Ultimate versi�n 14.2.0.220, maneja las peticiones de lectura de I/O privilegiado. Un paquete de petici�n de I/O (IRP) especialmente dise�ado puede conllevar a lecturas privilegiadas en el contexto de un controlador que puede resultar en la divulgaci�n de informaci�n confidencial del kernel. La instrucci�n IN puede leer cuatro bytes del dispositivo de I/O dado, filtrando potencialmente datos confidenciales del dispositivo a usuarios no privilegiados'}]",LOCAL,CVSS:3.1/AV:L/AC:L/PR:L/UI:N/S:U/C:H/I:N/A:N,LOW,HIGH,NONE,NONE,5.5,MEDIUM,1.8,3.6
CVE-2021-21869,"[{'lang': 'en', 'value': 'An unsafe deserialization vulnerability exists in the Engine.plugin ProfileInformation ProfileData functionality of CODESYS GmbH CODESYS Development System 3.5.16 and 3.5.17. A specially crafted file can lead to arbitrary command execution. An attacker can provide a malicious file to trigger this vulnerability.'}, {'lang': 'es', 'value': 'Se presenta una vulnerabilidad de deserializaci�n no segura en la funcionalidad Engine.plugin ProfileInformation ProfileData de CODESYS GmbH CODESYS Development System versiones 3.5.16 y 3.5.17. Un archivo especialmente dise�ado puede conllevar a una ejecuci�n arbitraria de comandos. Un atacante puede proporcionar un archivo malicioso para desencadenar esta vulnerabilidad.'}]",LOCAL,CVSS:3.1/AV:L/AC:L/PR:N/UI:R/S:U/C:H/I:H/A:H,LOW,HIGH,HIGH,HIGH,7.8,HIGH,1.8,5.9
CVE-2021-24038,"[{'lang': 'en', 'value': 'Due to a bug with management of handles in OVRServiceLauncher.exe, an attacker could expose a privileged process handle to an unprivileged process, leading to local privilege escalation. This issue affects Oculus Desktop versions after 1.39 and prior to 31.1.0.67.507.'}, {'lang': 'es', 'value': 'Debido a un bug en la administraci�n de los manejadores en el archivo OVRServiceLauncher.exe, un atacante podr�a exponer un manejador de proceso privilegiado a un proceso no privilegiado, conllevando a una escalada de privilegios local. Este problema afecta a Oculus Desktop versiones posteriores a 1.39 y anteriores a 31.1.0.67.507.'}]",LOCAL,CVSS:3.1/AV:L/AC:L/PR:L/UI:N/S:U/C:H/I:H/A:H,LOW,HIGH,HIGH,HIGH,7.8,HIGH,1.8,5.9
CVE-2021-28595,"[{'lang': 'en', 'value': 'Adobe Dimension version 3.4 (and earlier) is affected by an Uncontrolled Search Path Element element. An unauthenticated attacker could leverage this vulnerability to achieve arbitrary code execution in the context of the current user. Exploitation of this issue requires user interaction in that a victim must open a malicious file.'}, {'lang': 'es', 'value': 'Adobe Dimension versiones 3.4 (y anteriores), est� afectada por un Elemento de Ruta de B�squeda no Controlada. Un atacante no autenticado podr�a aprovechar esta vulnerabilidad para lograr una ejecuci�n de c�digo arbitrario en el contexto del usuario actual. Una explotaci�n de este problema requiere una interacci�n del usuario, ya que la v�ctima debe abrir un archivo malicioso.'}]",LOCAL,CVSS:3.1/AV:L/AC:L/PR:N/UI:R/S:U/C:H/I:H/A:H,LOW,HIGH,HIGH,HIGH,7.8,HIGH,1.8,5.9
CVE-2021-28605,"[{'lang': 'en', 'value': 'Adobe After Effects version 18.2 (and earlier) is affected by a memory corruption vulnerability when parsing a specially crafted file. An unauthenticated attacker could leverage this vulnerability to achieve arbitrary code execution in the context of the current user. Exploitation of this issue requires user interaction in that a victim must open a malicious file.'}, {'lang': 'es', 'value': 'Adobe After Effects versiones 18.2 (y anteriores), est� afectada por una vulnerabilidad de corrupci�n de la memoria cuando se analiza un archivo especialmente dise�ado. Un atacante no autenticado podr�a aprovechar esta vulnerabilidad para lograr una ejecuci�n de c�digo arbitrario en el contexto del usuario actual. Es requerida una interacci�n del usuario para explotar este problema, ya que la v�ctima debe abrir un archivo malicioso.'}]",LOCAL,CVSS:3.1/AV:L/AC:L/PR:N/UI:R/S:U/C:H/I:H/A:H,LOW,HIGH,HIGH,HIGH,7.8,HIGH,1.8,5.9
CVE-2021-28634,"[{'lang': 'en', 'value': 'Acrobat Reader DC versions 2021.005.20054 (and earlier), 2020.004.30005 (and earlier) and 2017.011.30197 (and earlier) are affected by an Improper Neutralization of Special Elements used in an OS Command. An authenticated attacker could leverage this vulnerability to achieve arbitrary code execution on the host machine in the context of the current user. Exploitation of this issue requires user interaction in that a victim must open a malicious file.'}, {'lang': 'es', 'value': 'Acrobat Reader DC versiones 2021.005.20054 (y anteriores), 2020.004.30005 (y anteriores), y 2017.011.30197 (y anteriores), est�n afectadas por una Neutralizaci�n Inapropiada de Elementos Especiales usados en un comando del Sistema Operativo. Un atacante autenticado podr�a aprovechar esta vulnerabilidad para lograr una ejecuci�n de c�digo arbitrario en la m�quina anfitriona en el contexto del usuario actual. Una explotaci�n de este problema requiere una interacci�n del usuario, ya que la v�ctima debe abrir un archivo malicioso.'}]",LOCAL,CVSS:3.1/AV:L/AC:L/PR:L/UI:R/S:C/C:H/I:H/A:H,LOW,HIGH,HIGH,HIGH,8.2,HIGH,1.5,6.0
CVE-2021-30871,"[{'lang': 'en', 'value': 'This issue was addressed with a new entitlement. This issue is fixed in iOS 14.7, watchOS 7.6, macOS Big Sur 11.5. A local attacker may be able to access analytics data.'}, {'lang': 'es', 'value': 'Este problema se abord� con un nuevo derecho. Este problema se corrigi� en iOS versi�n 14.7, watchOS versi�n 7.6 y macOS Big Sur versi�n 11.5. Un atacante local puede ser capaz de acceder a los datos de an�lisis'}]",LOCAL,CVSS:3.1/AV:L/AC:L/PR:L/UI:N/S:U/C:H/I:N/A:N,LOW,HIGH,NONE,NONE,5.5,MEDIUM,1.8,3.6
CVE-2021-30942,"[{'lang': 'en', 'value': 'Description: A memory corruption issue in the processing of ICC profiles was addressed with improved input validation. This issue is fixed in macOS Big Sur 11.6.2, tvOS 15.2, macOS Monterey 12.1, Security Update 2021-008 Catalina, iOS 15.2 and iPadOS 15.2, watchOS 8.3. Processing a maliciously crafted image may lead to arbitrary code execution.'}, {'lang': 'es', 'value': 'Descripci�n: Se abord� un problema de corrupci�n de memoria en el procesamiento de perfiles ICC con una comprobaci�n de entrada mejorada.&#xa0;Este problema es corregido en macOS Big Sur versi�n 11.6.2, tvOS versi�n 15.2, macOS Monterey versi�n 12.1, Security Update 2021-008 Catalina, iOS versi�n 15.2 e iPadOS versi�n 15.2, watchOS versi�n 8.3.&#xa0;El procesamiento de una imagen creada con fines maliciosos puede conllevar a una ejecuci�n de c�digo arbitrario'}]",LOCAL,CVSS:3.1/AV:L/AC:L/PR:N/UI:R/S:U/C:H/I:H/A:H,LOW,HIGH,HIGH,HIGH,7.8,HIGH,1.8,5.9
CVE-2021-30980,"[{'lang': 'en', 'value': 'A use after free issue was addressed with improved memory management. This issue is fixed in macOS Big Sur 11.6.2, tvOS 15.2, macOS Monterey 12.1, Security Update 2021-008 Catalina, iOS 15.2 and iPadOS 15.2, watchOS 8.3. An application may be able to execute arbitrary code with kernel privileges.'}, {'lang': 'es', 'value': 'Se abord� un problema de uso de la memoria previamente liberada con una administraci�n de la memoria mejorada.&#xa0;Este problema es corregido en macOS Big Sur versi�n 11.6.2, tvOS versi�n 15.2, macOS Monterey versi�n 12.1, Security Update 2021-008 Catalina, iOS versi�n 15.2 e iPadOS versi�n 15.2, watchOS versi�n 8.3.&#xa0;Una aplicaci�n puede ejecutar c�digo arbitrario con privilegios del kernel'}]",LOCAL,CVSS:3.1/AV:L/AC:L/PR:L/UI:N/S:U/C:H/I:H/A:H,LOW,HIGH,HIGH,HIGH,7.8,HIGH,1.8,5.9
CVE-2021-34852,"[{'lang': 'en', 'value': 'This vulnerability allows remote attackers to execute arbitrary code on affected installations of Foxit PDF Reader 11.0.0.49893. User interaction is required to exploit this vulnerability in that the target must visit a malicious page or open a malicious file. The specific flaw exists within the handling of Annotation objects. The issue results from the lack of validating the existence of an object prior to performing operations on the object. An attacker can leverage this vulnerability to execute code in the context of the current process. Was ZDI-CAN-13929.'}, {'lang': 'es', 'value': 'Esta vulnerabilidad permite a atacantes remotos ejecutar c�digo arbitrario en las instalaciones afectadas de Foxit PDF Reader versi�n 11.0.0.49893. Es requerida una interacci�n del usuario para explotar esta vulnerabilidad, ya que el objetivo debe visitar una p�gina maliciosa o abrir un archivo malicioso. El fallo espec�fico se presenta en el manejo de los objetos Annotation. El problema resulta de una falta de comprobaci�n de la existencia de un objeto antes de llevar a cabo operaciones en el objeto. Un atacante puede aprovechar esta vulnerabilidad para ejecutar c�digo en el contexto del proceso actual. Fue ZDI-CAN-13929'}]",LOCAL,CVSS:3.1/AV:L/AC:L/PR:N/UI:R/S:U/C:H/I:H/A:H,LOW,HIGH,HIGH,HIGH,7.8,HIGH,1.8,5.9
CVE-2021-35991,"[{'lang': 'en', 'value': 'Adobe Bridge version 11.0.2 (and earlier) is affected by an uninitialized variable vulnerability when parsing a specially crafted file. An unauthenticated attacker could leverage this vulnerability to disclose arbitrary memory information in the context of the current user. Exploitation of this issue requires user interaction in that a victim must open a malicious file.'}, {'lang': 'es', 'value': 'Adobe Bridge versiones 11.0.2 (y anteriores), est� afectada por una vulnerabilidad de variable no inicializada cuando se analiza un archivo especialmente dise�ado. Un atacante no autenticado podr�a aprovechar esta vulnerabilidad para divulgar informaci�n de memoria arbitraria en el contexto del usuario actual. Una explotaci�n de este problema requiere una interacci�n del usuario, ya que la v�ctima debe abrir un archivo malicioso.'}]",LOCAL,CVSS:3.1/AV:L/AC:L/PR:N/UI:R/S:U/C:L/I:N/A:N,LOW,LOW,NONE,NONE,3.3,LOW,1.8,1.4
CVE-2021-36009,"[{'lang': 'en', 'value': 'Adobe Illustrator version 25.2.3 (and earlier) is affected by an memory corruption vulnerability when parsing a specially crafted file. An unauthenticated attacker could leverage this vulnerability to achieve arbitrary code execution in the context of the current user. Exploitation of this issue requires user interaction in that a victim must open a malicious file.'}, {'lang': 'es', 'value': 'Adobe Illustrator versiones 25.2.3 (y anteriores), est� afectada por una vulnerabilidad de corrupci�n de memoria cuando se analiza un archivo especialmente dise�ado. Un atacante no autenticado podr�a aprovechar esta vulnerabilidad para lograr una ejecuci�n de c�digo arbitrario en el contexto del usuario actual. Una explotaci�n de este problema requiere una interacci�n del usuario, ya que la v�ctima debe abrir un archivo malicioso.'}]",LOCAL,CVSS:3.1/AV:L/AC:L/PR:N/UI:R/S:U/C:H/I:H/A:H,LOW,HIGH,HIGH,HIGH,7.8,HIGH,1.8,5.9
CVE-2021-36282,"[{'lang': 'en', 'value': 'Dell EMC PowerScale OneFS versions 8.2.x - 9.1.0.x contain a use of uninitialized resource vulnerability. This can potentially allow an authenticated user with ISI_PRIV_LOGIN_CONSOLE or ISI_PRIV_LOGIN_SSH privileges to gain access up to 24 bytes of data within the /ifs kernel stack under certain conditions.'}, {'lang': 'es', 'value': 'Dell EMC PowerScale OneFS versiones 8.2.x - 9.1.0.x contienen una vulnerabilidad de uso de recursos no inicializados. Esto puede permitir potencialmente a un usuario autenticado privilegiado ISI_PRIV_LOGIN_CONSOLE o ISI_PRIV_LOGIN_SSH conseguir acceso hasta 24 bytes de datos dentro de la pila del kernel /ifs en determinadas condiciones.'}]",LOCAL,CVSS:3.1/AV:L/AC:L/PR:L/UI:N/S:U/C:L/I:N/A:N,LOW,LOW,NONE,NONE,3.3,LOW,1.8,1.4
CVE-2021-36938,"[{'lang': 'en', 'value': 'Windows Cryptographic Primitives Library Information Disclosure Vulnerability'}, {'lang': 'es', 'value': 'Una Vulnerabilidad de Divulgaci�n de Informaci�n de Windows Cryptographic Primitives Library'}]",LOCAL,CVSS:3.1/AV:L/AC:L/PR:L/UI:N/S:U/C:H/I:N/A:N,LOW,HIGH,NONE,NONE,5.5,MEDIUM,1.8,3.6
CVE-2019-13263,"[{'lang': 'en', 'value': 'D-link DIR-825AC G1 devices have Insufficient Compartmentalization between a host network and a guest network that are established by the same device. A DHCP Request is sent to the router with a certain Transaction ID field. Following the DHCP protocol, the router responds with an ACK or NAK message. Studying the NAK case revealed that the router erroneously sends the NAK to both Host and Guest networks with the same Transaction ID as found in the DHCP Request. This allows encoding of data to be sent cross-router into the 32-bit Transaction ID field.'}, {'lang': 'es', 'value': 'Los  dispositivos D-link DIR-825AC G1 poseen una Compartimentaci�n Insuficiente entre una red host y una red invitada que es establecida por el mismo dispositivo. Una Petici�n DHCP se env�a al router con un determinado campo Transaction ID. Siguiendo el protocolo DHCP, el enrutador responde con un mensaje ACK o NAK. Estudiando el caso de NAK revel� que el router env�a err�neamente el NAK tanto a las redes Host como a las Invitadas con el mismo Transaction ID que se encuentra en la petici�n DHCP. Esto permite que la codificaci�n de datos se env�e por medio del router hacia el campo Transaction ID de 32 bits.'}]",ADJACENT_NETWORK,CVSS:3.1/AV:A/AC:L/PR:N/UI:N/S:U/C:H/I:H/A:H,LOW,HIGH,HIGH,HIGH,8.8,HIGH,2.8,5.9
CVE-2019-13361,"[{'lang': 'en', 'value': 'Smanos W100 1.0.0 devices have Insecure Permissions, exploitable by an attacker on the same Wi-Fi network.'}, {'lang': 'es', 'value': 'Los dispositivos Smanos W100 versi�n 1.0.0 tienen permisos inseguros, explotables por un atacante en la misma red Wi-Fi.'}]",ADJACENT_NETWORK,CVSS:3.1/AV:A/AC:L/PR:N/UI:N/S:U/C:N/I:H/A:N,LOW,NONE,HIGH,NONE,6.5,MEDIUM,2.8,3.6
CVE-2019-14620,"[{'lang': 'en', 'value': 'Insufficient control flow management for some Intel(R) Wireless Bluetooth(R) products may allow an unprivileged user to potentially enable denial of service via adjacent access.'}, {'lang': 'es', 'value': 'Una gesti�n del flujo de control insuficiente para algunos productos Intel� Wireless Bluetooth�,  puede permitir a un usuario poco privilegiado habilitar potencialmente una denegaci�n de servicio por medio del acceso adyacente'}]",ADJACENT_NETWORK,CVSS:3.1/AV:A/AC:L/PR:N/UI:N/S:U/C:N/I:N/A:H,LOW,NONE,NONE,HIGH,6.5,MEDIUM,2.8,3.6
CVE-2019-5591,"[{'lang': 'en', 'value': 'A Default Configuration vulnerability in FortiOS may allow an unauthenticated attacker on the same subnet to intercept sensitive information by impersonating the LDAP server.'}, {'lang': 'es', 'value': 'Una vulnerabilidad de Configuraci�n Predeterminada en FortiOS puede permitir a un atacante no autenticado en la misma subred interceptar informaci�n confidencial al hacerse pasar por el servidor LDAP.'}]",ADJACENT_NETWORK,CVSS:3.1/AV:A/AC:L/PR:N/UI:N/S:U/C:H/I:N/A:N,LOW,HIGH,NONE,NONE,6.5,MEDIUM,2.8,3.6
CVE-2020-13594,"[{'lang': 'en', 'value': 'The Bluetooth Low Energy (BLE) controller implementation in Espressif ESP-IDF 4.2 and earlier (for ESP32 devices) does not properly restrict the channel map field of the connection request packet on reception, allowing attackers in radio range to cause a denial of service (crash) via a crafted packet.'}, {'lang': 'es', 'value': 'La implementaci�n del controlador Bluetooth Low Energy (BLE) en Espressif ESP-IDF versiones 4.2 y anteriores (para dispositivos ESP32) no restringe apropiadamente el campo channel map del paquete de petici�n de conexi�n en la recepci�n, permitiendo a unos atacantes en el radio de alcance causar una denegaci�n de servicio (bloqueo) por medio de un paquete dise�ado'}]",ADJACENT_NETWORK,CVSS:3.1/AV:A/AC:L/PR:N/UI:N/S:U/C:N/I:N/A:H,LOW,NONE,NONE,HIGH,6.5,MEDIUM,2.8,3.6
CVE-2020-15054,"[{'lang': 'en', 'value': 'TP-Link USB Network Server TL-PS310U devices before 2.079.000.t0210 allow an attacker on the same network to elevate privileges because the administrative password can be discovered by sniffing unencrypted UDP traffic.'}, {'lang': 'es', 'value': 'Los dispositivos TP-Link USB Network Server TL-PS310U versiones anteriores a 2.079.000.t0210, permiten a un atacante en la misma red elevar los privilegios porque la contrase�a administrativa puede ser detectada mediante el rastreo del tr�fico UDP no cifrado'}]",ADJACENT_NETWORK,CVSS:3.1/AV:A/AC:L/PR:N/UI:N/S:U/C:H/I:H/A:H,LOW,HIGH,HIGH,HIGH,8.8,HIGH,2.8,5.9
CVE-2020-15532,"[{'lang': 'en', 'value': 'Silicon Labs Bluetooth Low Energy SDK before 2.13.3 has a buffer overflow via packet data. This is an over-the-air denial of service vulnerability in Bluetooth LE in EFR32 SoCs and associated modules running Bluetooth SDK, supporting Central or Observer roles.'}, {'lang': 'es', 'value': 'Silicon Labs Bluetooth Low Energy SDK versiones anteriores a 2.13.3, presenta un desbordamiento de b�fer por medio de paquetes de datos. Se trata de una vulnerabilidad de denegaci�n de servicio por aire en Bluetooth LE en los SoC EFR32 y m�dulos asociados que ejecutan Bluetooth SDK, admitiendo los roles Central u Observer.'}]",ADJACENT_NETWORK,CVSS:3.1/AV:A/AC:L/PR:N/UI:N/S:U/C:N/I:N/A:H,LOW,NONE,NONE,HIGH,6.5,MEDIUM,2.8,3.6
CVE-2020-16216,"[{'lang': 'en', 'value': 'Patient Information Center iX (PICiX) Versions B.02, C.02, C.03, PerformanceBridge Focal Point Version A.01, IntelliVue patient monitors MX100, MX400-MX850, and MP2-MP90 Versions N and prior, IntelliVue X3 and X2 Versions N and prior. The product receives input or data but does not validate or incorrectly validates that the input has the properties required to process the data safely and correctly, which can induce a denial-of-service condition through a system restart.'}, {'lang': 'es', 'value': 'Patient Information Center iX (PICiX) Versiones B.02, C.02, C.03, PerformanceBridge Focal Point Versi�n A.01, Monitores de paciente IntelliVue MX100, MX400-MX850 y MP2-MP90 Versiones N y anteriores, IntelliVue X3 y X2 Versiones N y anteriores.&#xa0;El producto recibe una entrada o datos pero no comprueba o comprueba incorrectamente que la entrada presenta las propiedades necesarias para procesar los datos seguramente y correctamente, lo que puede inducir una condici�n de denegaci�n de servicio por medio de un reinicio del sistema'}]",ADJACENT_NETWORK,CVSS:3.1/AV:A/AC:L/PR:N/UI:N/S:U/C:N/I:N/A:H,LOW,NONE,NONE,HIGH,6.5,MEDIUM,2.8,3.6
CVE-2020-17497,"[{'lang': 'en', 'value': 'eapol.c in iNet wireless daemon (IWD) through 1.8 allows attackers to trigger a PTK reinstallation by retransmitting EAPOL Msg4/4.'}, {'lang': 'es', 'value': 'El archivo eapol.c en iNet wireless daemon (IWD) versiones hasta 1.8, permite a atacantes activar una reinstalaci�n de PTK mediante la retransmisi�n de EAPOL Msg4/4'}]",ADJACENT_NETWORK,CVSS:3.1/AV:A/AC:L/PR:N/UI:N/S:U/C:H/I:H/A:N,LOW,HIGH,HIGH,NONE,8.1,HIGH,2.8,5.2
CVE-2020-24363,"[{'lang': 'en', 'value': 'TP-Link TL-WA855RE V5 20200415-rel37464 devices allow an unauthenticated attacker (on the same network) to submit a TDDP_RESET POST request for a factory reset and reboot. The attacker can then obtain incorrect access control by setting a new administrative password.'}, {'lang': 'es', 'value': 'Los dispositivos TP-Link TL-WA855RE versi�n V5 20200415-rel37464, permiten a un atacante no autenticado (en la misma red) enviar una petici�n POST TDDP_RESET para un restablecimiento de f�brica y reinicio. El atacante puede entonces obtener un control de acceso incorrecto al establecer una nueva contrase�a administrativa'}]",ADJACENT_NETWORK,CVSS:3.1/AV:A/AC:L/PR:N/UI:N/S:U/C:H/I:H/A:H,LOW,HIGH,HIGH,HIGH,8.8,HIGH,2.8,5.9
CVE-2020-25067,"[{'lang': 'en', 'value': 'NETGEAR R8300 devices before 1.0.2.134 are affected by command injection by an unauthenticated attacker.'}, {'lang': 'es', 'value': 'Los dispositivos NETGEAR R8300 versiones anteriores a 1.0.2.134, est�n afectados por una inyecci�n de comandos por parte de un atacante no autenticado'}]",ADJACENT_NETWORK,CVSS:3.1/AV:A/AC:L/PR:N/UI:N/S:U/C:H/I:H/A:H,LOW,HIGH,HIGH,HIGH,8.8,HIGH,2.8,5.9
CVE-2020-3505,"[{'lang': 'en', 'value': 'A vulnerability in the Cisco Discovery Protocol of Cisco Video Surveillance 8000 Series IP Cameras could allow an unauthenticated, adjacent attacker to cause a memory leak, which could lead to a denial of service (DoS) condition on an affected device. The vulnerability is due to incorrect processing of certain Cisco Discovery Protocol packets. An attacker could exploit this vulnerability by sending certain Cisco Discovery Protocol packets to an affected device. A successful exploit could allow the attacker to cause the affected device to continuously consume memory, which could cause the device to crash and reload, resulting in a DOS condition. Note: Cisco Discovery Protocol is a Layer 2 protocol. To exploit this vulnerability, an attacker must be in the same broadcast domain as the affected device (Layer 2 adjacent).'}, {'lang': 'es', 'value': 'Una vulnerabilidad en el Cisco Discovery Protocol de Cisco Video Surveillance 8000 Series IP Cameras, podr�a permitir a un atacante adyacente no autenticado causar una p�rdida de memoria, lo que podr�a conllevar a una condici�n de denegaci�n de servicio (DoS) en un dispositivo afectado. La vulnerabilidad es debido a un procesamiento incorrecto de determinados paquetes de Cisco Discovery Protocol. Un atacante podr�a explotar esta vulnerabilidad mediante el env�o de determinados paquetes de Cisco Discovery Protocol hacia un dispositivo afectado. Una explotaci�n con �xito podr�a permitir que el atacante cause que el dispositivo afectado consumiera memoria continuamente, lo que podr�a provocar que el dispositivo se bloquee y se recargue, resultando en una condici�n de DOS. Nota: Cisco Discovery Protocol es un protocolo de Capa 2. Para explotar esta vulnerabilidad, un atacante debe estar en el mismo dominio de transmisi�n que el dispositivo afectado (adyacente a Capa 2)'}]",ADJACENT_NETWORK,CVSS:3.1/AV:A/AC:L/PR:N/UI:N/S:U/C:N/I:N/A:H,LOW,NONE,NONE,HIGH,6.5,MEDIUM,2.8,3.6
CVE-2020-8723,"[{'lang': 'en', 'value': 'Cross-site scripting for some Intel(R) Server Boards, Server Systems and Compute Modules before version 1.59 may allow an unauthenticated user to potentially enable escalation of privilege via adjacent access.'}, {'lang': 'es', 'value': 'Una vulnerabilidad de tipo cross-site scripting para algunos Intel� Server Boards, Server Systems y Compute Modules versiones anteriores a 1.59, puede permitir a un usuario no autenticado habilitar potencialmente una escalada de privilegios por medio de un acceso adyacente'}]",ADJACENT_NETWORK,CVSS:3.1/AV:A/AC:L/PR:N/UI:R/S:C/C:L/I:L/A:L,LOW,LOW,LOW,LOW,6.3,MEDIUM,2.1,3.7
CVE-2020-8732,"[{'lang': 'en', 'value': 'Heap-based buffer overflow in the firmware for some Intel(R) Server Boards, Server Systems and Compute Modules before version 1.59 may allow an unauthenticated user to potentially enable escalation of privilege via adjacent access.'}, {'lang': 'es', 'value': 'Un desbordamiento del b�fer en la regi�n heap de la memoria en el firmware para algunos Intel� Server Boards, Server Systems y Compute Modules versiones anteriores a 1.59, puede permitir a un usuario no autenticado habilitar potencialmente una escalada de privilegios por medio de un acceso adyacente'}]",ADJACENT_NETWORK,CVSS:3.1/AV:A/AC:L/PR:N/UI:N/S:U/C:H/I:H/A:H,LOW,HIGH,HIGH,HIGH,8.8,HIGH,2.8,5.9
CVE-2020-9079,"[{'lang': 'en', 'value': 'FusionSphere OpenStack 8.0.0 have a protection mechanism failure vulnerability. The product incorrectly uses a protection mechanism. An attacker has to find a way to exploit the vulnerability to conduct directed attacks against the affected product.'}, {'lang': 'es', 'value': 'FusionSphere OpenStack versi�n 8.0.0, presenta una vulnerabilidad de fallo del mecanismo de protecci�n. El producto usa incorrectamente un mecanismo de protecci�n. Un atacante tiene que encontrar una manera de explotar la vulnerabilidad para conducir ataques dirigidos contra el producto afectado'}]",ADJACENT_NETWORK,CVSS:3.1/AV:A/AC:L/PR:N/UI:N/S:U/C:H/I:H/A:H,LOW,HIGH,HIGH,HIGH,8.8,HIGH,2.8,5.9
CVE-2021-0581,"[{'lang': 'en', 'value': 'In wifi driver, there is a possible out of bounds read due to a missing bounds check. This could lead to remote information disclosure to a proximal attacker with no additional execution privileges needed. User interaction is not needed for exploitation.Product: AndroidVersions: Android SoCAndroid ID: A-187231638'}, {'lang': 'es', 'value': 'En el controlador wifi, se presenta una posible lectura fuera de l�mites debido a una falta de comprobaci�n de l�mites. Esto podr�a conllevar a una divulgaci�n de informaci�n remota a un atacante proximal sin ser necesarios privilegios de ejecuci�n adicionales. No es requerida una interacci�n del usuario para su explotaci�n. Producto: Android, Versiones: Android SoC, ID de Android: A-187231638'}]",ADJACENT_NETWORK,CVSS:3.1/AV:A/AC:L/PR:N/UI:N/S:U/C:H/I:N/A:N,LOW,HIGH,NONE,NONE,6.5,MEDIUM,2.8,3.6
CVE-2021-21596,"[{'lang': 'en', 'value': 'Dell OpenManage Enterprise versions 3.4 through 3.6.1 and Dell OpenManage Enterprise Modular versions 1.20.00 through 1.30.00, contain a remote code execution vulnerability. A malicious attacker with access to the immediate subnet may potentially exploit this vulnerability leading to information disclosure and a possible elevation of privileges.'}, {'lang': 'es', 'value': 'Dell OpenManage Enterprise versiones 3.4 hasta 3.6.1 y Dell OpenManage Enterprise Modular versiones 1.20.00 hasta 1.30.00, contienen una vulnerabilidad de ejecuci�n de c�digo remota. Un atacante malicioso con acceso a la subred inmediata puede explotar potencialmente esta vulnerabilidad conllevando a una divulgaci�n de informaci�n y una posible elevaci�n de privilegios'}]",ADJACENT_NETWORK,CVSS:3.1/AV:A/AC:L/PR:N/UI:N/S:U/C:H/I:H/A:H,LOW,HIGH,HIGH,HIGH,8.8,HIGH,2.8,5.9
CVE-2021-29280,"[{'lang': 'en', 'value': 'In TP-Link Wireless N Router WR840N an ARP poisoning attack can cause buffer overflow'}, {'lang': 'es', 'value': 'En el router inal�mbrico N WR840N de TP-Link, un ataque de envenenamiento ARP puede causar un desbordamiento del b�fer.'}]",ADJACENT_NETWORK,CVSS:3.1/AV:A/AC:H/PR:L/UI:N/S:U/C:N/I:H/A:H,HIGH,NONE,HIGH,HIGH,6.4,MEDIUM,1.2,5.2
CVE-2021-38111,"[{'lang': 'en', 'value': 'The DEF CON 27 badge allows remote attackers to exploit a buffer overflow by sending an oversized packet via the NFMI (Near Field Magnetic Induction) protocol.'}, {'lang': 'es', 'value': 'La insignia DEF CON 27, permite a atacantes remotos explotar un desbordamiento de b�fer mediante el env�o de un paquete de gran tama�o por medio del protocolo NFMI (Near Field Magnetic Induction)'}]",ADJACENT_NETWORK,CVSS:3.1/AV:A/AC:L/PR:N/UI:N/S:U/C:H/I:H/A:H,LOW,HIGH,HIGH,HIGH,8.8,HIGH,2.8,5.9
CVE-2021-38199,"[{'lang': 'en', 'value': 'fs/nfs/nfs4client.c in the Linux kernel before 5.13.4 has incorrect connection-setup ordering, which allows operators of remote NFSv4 servers to cause a denial of service (hanging of mounts) by arranging for those servers to be unreachable during trunking detection.'}, {'lang': 'es', 'value': 'El archivo fs/nfs/nfs4client.c en el kernel de Linux versiones anteriores a 5.13.4, presenta un ordenamiento incorrecto de la configuraci�n de la conexi�n, que permite a operadores de servidores NFSv4 remotos causar una denegaci�n de servicio (cuelgue de montajes) al disponer de que esos servidores sean inalcanzables durante la detecci�n de trunking'}]",ADJACENT_NETWORK,CVSS:3.1/AV:A/AC:L/PR:N/UI:N/S:U/C:N/I:N/A:H,LOW,NONE,NONE,HIGH,6.5,MEDIUM,2.8,3.6
CVE-2018-17767,"[{'lang': 'en', 'value': 'Ingenico Telium 2 POS terminals have hardcoded PPP credentials. This is fixed in Telium 2 SDK v9.32.03 patch N.'}, {'lang': 'es', 'value': 'Los terminales Ingenico Telium 2 POS, presentan credenciales PPP embebidas.&#xa0;Esto es corregido en Telium 2 SDK versi�n v9.32.03 parche N.'}]",PHYSICAL,CVSS:3.1/AV:P/AC:L/PR:N/UI:N/S:U/C:H/I:H/A:H,LOW,HIGH,HIGH,HIGH,6.8,MEDIUM,0.9,5.9
CVE-2018-17769,"[{'lang': 'en', 'value': 'Ingenico Telium 2 POS terminals have a buffer overflow via the 0x26 command of the NTPT3 protocol. This is fixed in Telium 2 SDK v9.32.03 patch N.'}, {'lang': 'es', 'value': 'Los terminales Ingenico Telium 2 POS, presentan un desbordamiento del b�fer por medio del comando 0x26 del protocolo NTPT3.&#xa0;Esto es corregido en Telium 2 SDK versi�n v9.32.03 parche N.'}]",PHYSICAL,CVSS:3.1/AV:P/AC:L/PR:L/UI:N/S:U/C:H/I:H/A:H,LOW,HIGH,HIGH,HIGH,6.6,MEDIUM,0.7,5.9
CVE-2019-14630,"[{'lang': 'en', 'value': 'Reliance on untrusted inputs in a security decision in some Intel(R) Thunderbolt(TM) controllers may allow unauthenticated user to potentially enable information disclosure via physical access.'}, {'lang': 'es', 'value': 'La dependencia de entradas no confiables en una decisi�n de seguridad en algunos controladores Thunderbolt� de Intel�, puede permitir a un usuario no autenticado habilitar potencialmente una divulgaci�n de informaci�n por medio de un acceso f�sico'}]",PHYSICAL,CVSS:3.1/AV:P/AC:L/PR:N/UI:N/S:U/C:H/I:N/A:N,LOW,HIGH,NONE,NONE,4.6,MEDIUM,0.9,3.6
CVE-2019-15211,"[{'lang': 'en', 'value': 'An issue was discovered in the Linux kernel before 5.2.6. There is a use-after-free caused by a malicious USB device in the drivers/media/v4l2-core/v4l2-dev.c driver because drivers/media/radio/radio-raremono.c does not properly allocate memory.'}, {'lang': 'es', 'value': 'Se descubri� un problema en el kernel de Linux versiones anteriores a 5.2.6. Se presenta un uso de memoria previamente liberada causado por un dispositivo USB malicioso en el controlador drivers/media/v4l2-core/v4l2-dev.c porque el archivo drivers/media/radio/radio-raremono.c no asigna apropiadamente la memoria.'}]",PHYSICAL,CVSS:3.1/AV:P/AC:L/PR:N/UI:N/S:U/C:N/I:N/A:H,LOW,NONE,NONE,HIGH,4.6,MEDIUM,0.9,3.6
CVE-2019-15212,"[{'lang': 'en', 'value': 'An issue was discovered in the Linux kernel before 5.1.8. There is a double-free caused by a malicious USB device in the drivers/usb/misc/rio500.c driver.'}, {'lang': 'es', 'value': 'Se descubri�  un problema en el kernel de Linux versiones anteriores a 5.1.8. Se presenta una vulnerabilidad de doble liberaci�n causada por un dispositivo USB malicioso en el controlador drivers/usb/misc/rio500.c.'}]",PHYSICAL,CVSS:3.1/AV:P/AC:L/PR:N/UI:N/S:U/C:N/I:N/A:H,LOW,NONE,NONE,HIGH,4.6,MEDIUM,0.9,3.6
CVE-2019-15216,"[{'lang': 'en', 'value': 'An issue was discovered in the Linux kernel before 5.0.14. There is a NULL pointer dereference caused by a malicious USB device in the drivers/usb/misc/yurex.c driver.'}, {'lang': 'es', 'value': 'Se descubri� un problema en el kernel de Linux versiones anteriores a 5.0.14. Se presenta una desreferencia del puntero NULL causada por un dispositivo USB malicioso en el controlador drivers/usb/misc/yurex.c.'}]",PHYSICAL,CVSS:3.1/AV:P/AC:L/PR:N/UI:N/S:U/C:N/I:N/A:H,LOW,NONE,NONE,HIGH,4.6,MEDIUM,0.9,3.6
CVE-2019-15217,"[{'lang': 'en', 'value': 'An issue was discovered in the Linux kernel before 5.2.3. There is a NULL pointer dereference caused by a malicious USB device in the drivers/media/usb/zr364xx/zr364xx.c driver.'}, {'lang': 'es', 'value': 'Se descubri� un problema en el kernel de Linux versiones anteriores a 5.2.3. Se presenta una desreferencia del puntero NULL causada por un dispositivo USB malicioso en el controlador drivers/media/usb/zr364xx/zr364xx.c .'}]",PHYSICAL,CVSS:3.1/AV:P/AC:L/PR:N/UI:N/S:U/C:N/I:N/A:H,LOW,NONE,NONE,HIGH,4.6,MEDIUM,0.9,3.6
CVE-2019-15220,"[{'lang': 'en', 'value': 'An issue was discovered in the Linux kernel before 5.2.1. There is a use-after-free caused by a malicious USB device in the drivers/net/wireless/intersil/p54/p54usb.c driver.'}, {'lang': 'es', 'value': 'Se descubri� un problema en el kernel de Linux versiones anteriores a 5.2.1. Se presenta un uso de memoria previamente liberada causado por un dispositivo USB malicioso en el controlador drivers/net/wireless/intersil/p54/p54usb.c .'}]",PHYSICAL,CVSS:3.1/AV:P/AC:L/PR:N/UI:N/S:U/C:N/I:N/A:H,LOW,NONE,NONE,HIGH,4.6,MEDIUM,0.9,3.6
CVE-2019-15223,"[{'lang': 'en', 'value': 'An issue was discovered in the Linux kernel before 5.1.8. There is a NULL pointer dereference caused by a malicious USB device in the sound/usb/line6/driver.c driver.'}, {'lang': 'es', 'value': 'Se descubri� un problema en el kernel de Linux versiones anteriores a 5.1.8. Se presenta una desreferencia del puntero NULL causada por un dispositivo USB malicioso en el controlador sound/usb/line6/driver.c.'}]",PHYSICAL,CVSS:3.1/AV:P/AC:L/PR:N/UI:N/S:U/C:N/I:N/A:H,LOW,NONE,NONE,HIGH,4.6,MEDIUM,0.9,3.6
CVE-2019-15945,"[{'lang': 'en', 'value': 'OpenSC before 0.20.0-rc1 has an out-of-bounds access of an ASN.1 Bitstring in decode_bit_string in libopensc/asn1.c.'}, {'lang': 'es', 'value': 'OpenSC en versiones anteriores a la 0.20.0-rc1 tiene un acceso fuera de l�mites de una Bitstring ASN.1 en decode_bit_string en libopensc/asn1.c.'}]",PHYSICAL,CVSS:3.1/AV:P/AC:H/PR:N/UI:N/S:U/C:H/I:H/A:H,HIGH,HIGH,HIGH,HIGH,6.4,MEDIUM,0.5,5.9
CVE-2019-6171,"[{'lang': 'en', 'value': 'A vulnerability was reported in various BIOS versions of older ThinkPad systems that could allow a user with administrative privileges or physical access the ability to update the Embedded Controller with unsigned firmware.'}, {'lang': 'es', 'value': 'Una vulnerabilidad fue reportada en varias versiones de BIOS de sistemas ThinkPad m�s antiguos, que podr�a permitir a un usuario con privilegios administrativos o acceso f�sico la capacidad de actualizar el Controlador Incorporado con firmware sin firmar.'}]",PHYSICAL,CVSS:3.1/AV:P/AC:L/PR:N/UI:N/S:U/C:H/I:H/A:H,LOW,HIGH,HIGH,HIGH,6.8,MEDIUM,0.9,5.9
CVE-2020-0256,"[{'lang': 'en', 'value': 'In LoadPartitionTable of gpt.cc, there is a possible out of bounds write due to a missing bounds check. This could lead to local escalation of privilege when inserting a malicious USB device, with no additional execution privileges needed. User interaction is not needed for exploitation.Product: AndroidVersions: Android-8.1 Android-9 Android-10 Android-8.0Android ID: A-152874864'}, {'lang': 'es', 'value': 'En la funci�n LoadPartitionTable del archivo gpt.cc, se presenta una posible escritura fuera de l�mites debido a una falta comprobaci�n de l�mites. Esto podr�a conllevar a una escalada de privilegios local al insertar un dispositivo USB malicioso, sin ser necesarios privilegios de ejecuci�n adicionales. No es requerida una interacci�n del usuario para su explotaci�n. Producto: Android, Versiones: Android-8.1 Android-9 Android-10 Android-8.0, ID de Android: A-152874864'}]",PHYSICAL,CVSS:3.1/AV:P/AC:L/PR:N/UI:N/S:U/C:H/I:H/A:H,LOW,HIGH,HIGH,HIGH,6.8,MEDIUM,0.9,5.9
CVE-2020-10124,"[{'lang': 'en', 'value': 'NCR SelfServ ATMs running APTRA XFS 05.01.00 do not encrypt, authenticate, or verify the integrity of messages between the BNA and the host computer, which could allow an attacker with physical access to the internal components of the ATM to execute arbitrary code, including code that enables the attacker to commit deposit forgery.'}, {'lang': 'es', 'value': 'Los Cajeros Autom�ticos NCR SelfServ que ejecutan APTRA XFS versiones 05.01.00 no cifran, ni autentican, ni verifican la integridad de los mensajes entre el BNA y el computador host, lo que podr�a permitir a un atacante con acceso f�sico a los componentes internos del Cajero Autom�tico ejecutar c�digo arbitrario, incluyendo c�digo que permite al atacante cometer falsificaciones de dep�sitos.'}]",PHYSICAL,CVSS:3.1/AV:P/AC:H/PR:N/UI:N/S:C/C:H/I:H/A:H,HIGH,HIGH,HIGH,HIGH,7.1,HIGH,0.5,6.0
CVE-2020-10126,"[{'lang': 'en', 'value': 'NCR SelfServ ATMs running APTRA XFS 05.01.00 do not properly validate softare updates for the bunch note acceptor (BNA), enabling an attacker with physical access to internal ATM components to restart the host computer and execute arbitrary code with SYSTEM privileges because while booting, the update process looks for CAB archives on removable media and executes a specific file without first validating the signature of the CAB archive.'}, {'lang': 'es', 'value': 'Los Cajeros Autom�ticos NCR SelfServ que ejecutan APTRA XFS versi�n 05.01.00, no comprueban apropiadamente las actualizaciones de software para el bunch note acceptor (BNA), permitiendo a un atacante con acceso f�sico a los componentes internos del Cajero Autom�tico reiniciar el computador host y ejecutar c�digo arbitrario con privilegios SYSTEM porque durante el arranque, el proceso de actualizaci�n busca archivos CAB en medios extra�bles y ejecuta un archivo espec�fico sin comprobar primero la firma del archivo CAB.'}]",PHYSICAL,CVSS:3.1/AV:P/AC:L/PR:N/UI:N/S:C/C:H/I:H/A:H,LOW,HIGH,HIGH,HIGH,7.6,HIGH,0.9,6.0
CVE-2020-13463,"[{'lang': 'en', 'value': 'The flash memory readout protection in Apex Microelectronics APM32F103 devices allows physical attackers to extract firmware via the debug interface and exception handling.'}, {'lang': 'es', 'value': 'La protecci�n de lectura de memoria flash en los dispositivos Apex Microelectronics APM32F103, permite a atacantes f�sicos extraer firmware por medio de la interfaz de depuraci�n y el manejo de excepciones'}]",PHYSICAL,CVSS:3.1/AV:P/AC:L/PR:N/UI:N/S:U/C:H/I:N/A:N,LOW,HIGH,NONE,NONE,4.6,MEDIUM,0.9,3.6
CVE-2020-13466,"[{'lang': 'en', 'value': 'STMicroelectronics STM32F103 devices through 2020-05-20 allow physical attackers to execute arbitrary code via a power glitch and a specific flash patch/breakpoint unit configuration.'}, {'lang': 'es', 'value': 'Los dispositivos STMicroelectronics STM32F103 versiones hasta el 20-05-2020, permiten a atacantes f�sicos ejecutar c�digo arbitrario por medio de un fallo de alimentaci�n y una configuraci�n de unidad patch/breakpoint flash espec�fica'}]",PHYSICAL,CVSS:3.1/AV:P/AC:L/PR:N/UI:N/S:U/C:H/I:H/A:H,LOW,HIGH,HIGH,HIGH,6.8,MEDIUM,0.9,5.9
CVE-2020-13469,"[{'lang': 'en', 'value': 'The flash memory readout protection in Gigadevice GD32VF103 devices allows physical attackers to extract firmware via the debug interface by utilizing the CPU.'}, {'lang': 'es', 'value': 'La protecci�n de lectura de memoria flash en los dispositivos Gigadevice GD32VF103, permite a atacantes f�sicos extraer firmware por medio de la interfaz de depuraci�n usando la CPU'}]",PHYSICAL,CVSS:3.1/AV:P/AC:L/PR:N/UI:N/S:U/C:N/I:H/A:N,LOW,NONE,HIGH,NONE,4.6,MEDIUM,0.9,3.6
CVE-2020-13470,"[{'lang': 'en', 'value': 'Gigadevice GD32F103 and GD32F130 devices allow physical attackers to extract data via the probing of easily accessible bonding wires and de-obfuscation of the observed data.'}, {'lang': 'es', 'value': 'Los dispositivos Gigadevice GD32F103 y GD32F130, permiten a atacantes f�sicos extraer datos por medio del sondeo de cables de conexi�n de f�cil acceso y la desofuscaci�n de los datos observados'}]",PHYSICAL,CVSS:3.1/AV:P/AC:L/PR:N/UI:N/S:U/C:N/I:H/A:N,LOW,NONE,HIGH,NONE,4.6,MEDIUM,0.9,3.6
CVE-2020-13471,"[{'lang': 'en', 'value': 'Apex Microelectronics APM32F103 devices allow physical attackers to execute arbitrary code via a power glitch and a specific flash patch/breakpoint unit configuration.'}, {'lang': 'es', 'value': 'Los dispositivos STMicroelectronics STM32F103, permiten a atacantes   f�sicos ejecutar c�digo arbitrario por medio de un fallo de alimentaci�n y una configuraci�n de la unidad patch/breakpoint flash espec�fica'}]",PHYSICAL,CVSS:3.1/AV:P/AC:L/PR:N/UI:N/S:U/C:H/I:H/A:H,LOW,HIGH,HIGH,HIGH,6.8,MEDIUM,0.9,5.9
CVE-2020-16212,"[{'lang': 'en', 'value': 'Patient Information Center iX (PICiX) Versions B.02, C.02, C.03, PerformanceBridge Focal Point Version A.01, IntelliVue patient monitors MX100, MX400-MX850, and MP2-MP90 Versions N and prior, IntelliVue X3 and X2 Versions N and prior. The product exposes a resource to the wrong control sphere, providing unintended actors with inappropriate access to the resource. The application on the surveillance station operates in kiosk mode, which is vulnerable to local breakouts that could allow an attacker with physical access to escape the restricted environment with limited privileges.'}, {'lang': 'es', 'value': 'Patient Information Center iX (PICiX) Versiones B.02, C.02, C.03, PerformanceBridge Focal Point Versi�n A.01, Monitores de paciente IntelliVue MX100, MX400-MX850 y MP2-MP90 Versiones N y anteriores, IntelliVue X3 y X2 Versiones N y anteriores.&#xa0;El producto expone un recurso a la esfera de control equivocada, proporcionando a los actores no deseados un acceso inapropiado al recurso.&#xa0;La aplicaci�n en la estaci�n de supervisi�n opera en modo Kiosk, que es vulnerable a filtraciones locales que podr�an permitir a un atacante con acceso f�sico escapar el entorno restringido con privilegios limitados'}]",PHYSICAL,CVSS:3.1/AV:P/AC:L/PR:N/UI:N/S:U/C:H/I:H/A:H,LOW,HIGH,HIGH,HIGH,6.8,MEDIUM,0.9,5.9
CVE-2020-16237,"[{'lang': 'en', 'value': 'Philips SureSigns VS4, A.07.107 and prior. The product receives input or data, but it does not validate or incorrectly validates that the input has the properties required to process the data safely and correctly.'}, {'lang': 'es', 'value': 'Philips SureSigns versiones VS4, A.07.107 y anteriores. El producto recibe una entrada o datos, pero no comprueba o comprueba incorrectamente que la entrada presenta las propiedades necesarias para procesar los datos segura y correctamente.'}]",PHYSICAL,CVSS:3.1/AV:P/AC:L/PR:L/UI:N/S:U/C:N/I:N/A:L,LOW,NONE,NONE,LOW,2.1,LOW,0.7,1.4
CVE-2020-16241,"[{'lang': 'en', 'value': 'Philips SureSigns VS4, A.07.107 and prior. The software does not restrict or incorrectly restricts access to a resource from an unauthorized actor.'}, {'lang': 'es', 'value': 'Philips SureSigns versiones VS4, A.07.107 y anteriores. El software no restringe o restringe incorrectamente el acceso a un recurso desde un actor no autorizado.'}]",PHYSICAL,CVSS:3.1/AV:P/AC:L/PR:L/UI:N/S:U/C:N/I:N/A:L,LOW,NONE,NONE,LOW,2.1,LOW,0.7,1.4
CVE-2020-24457,"[{'lang': 'en', 'value': 'Logic error in BIOS firmware for 8th, 9th and 10th Generation Intel(R) Core(TM) Processors may allow an unauthenticated user to potentially enable escalation of privilege, denial of service and/or information disclosure via physical access.'}, {'lang': 'es', 'value': 'Un error l�gico en el firmware del BIOS para 8th, 9th and 10th Generation Intel� Core�, puede permitir a un usuario no autenticado habilitar potencialmente una escalada de privilegios, una denegaci�n de servicio y/o una divulgaci�n de informaci�n por medio del acceso f�sico'}]",PHYSICAL,CVSS:3.1/AV:P/AC:L/PR:N/UI:N/S:C/C:H/I:H/A:H,LOW,HIGH,HIGH,HIGH,7.6,HIGH,0.9,6.0
CVE-2020-5376,"[{'lang': 'en', 'value': 'Dell Inspiron 7347 BIOS versions prior to A13 contain a UEFI BIOS Boot Services overwrite vulnerability. A local attacker with access to system memory may exploit this vulnerability by overwriting the EFI_BOOT_SERVICES structure to execute arbitrary code in System Management Mode (SMM).'}, {'lang': 'es', 'value': 'El BIOS de Dell Inspiron 7347 versiones anteriores a A13, contienen una vulnerabilidad de sobrescritura de UEFI BIOS Boot Services. Un atacante local con acceso a la memoria del sistema puede aprovechar esta vulnerabilidad al sobrescribir la estructura de EFI_BOOT_SERVICES para ejecutar c�digo arbitrario en System Management Mode (SMM)'}]",PHYSICAL,CVSS:3.1/AV:P/AC:L/PR:N/UI:N/S:U/C:H/I:H/A:H,LOW,HIGH,HIGH,HIGH,6.8,MEDIUM,0.9,5.9
CVE-2020-5378,"[{'lang': 'en', 'value': 'Dell G7 17 7790 BIOS versions prior to 1.13.2 contain a UEFI BIOS Boot Services overwrite vulnerability. A local attacker with access to system memory may exploit this vulnerability by overwriting the EFI_BOOT_SERVICES structure to execute arbitrary code in System Management Mode (SMM).'}, {'lang': 'es', 'value': 'El BIOS de Dell G7 17 7790 versiones anteriores a 1.13.2 contienen una vulnerabilidad de sobrescritura de UEFI BIOS Boot Services. Un atacante local con acceso a la memoria del sistema puede aprovechar esta vulnerabilidad al sobrescribir la estructura de EFI_BOOT_SERVICES para ejecutar c�digo arbitrario en System Management Mode (SMM)'}]",PHYSICAL,CVSS:3.1/AV:P/AC:L/PR:N/UI:N/S:U/C:H/I:H/A:H,LOW,HIGH,HIGH,HIGH,6.8,MEDIUM,0.9,5.9
CVE-2020-8341,"[{'lang': 'en', 'value': 'In Lenovo systems, SMM BIOS Write Protection is used to prevent writes to SPI Flash. While this provides sufficient protection, an additional layer of protection is provided by SPI Protected Range Registers (PRx). After resuming from S3 sleep mode in various versions of BIOS for some Lenovo ThinkPad systems, the PRx is not set. This does not impact the SMM BIOS Write Protection, which keeps systems protected.'}, {'lang': 'es', 'value': 'En los sistemas Lenovo, SMM BIOS Write Protection es usada para impedir escrituras en la SPI Flash.&#xa0;Si bien esto proporciona suficiente protecci�n, una capa adicional de protecci�n es proporcionada por SPI Protected Range Registers (PRx).&#xa0;Despu�s de reanudar desde el modo de suspensi�n S3 en varias versiones de BIOS para algunos sistemas Lenovo ThinkPad, el PRx no est� configurado.&#xa0;Esto no afecta a SMM BIOS Write Protection, que mantiene los sistemas protegidos'}]",PHYSICAL,CVSS:3.1/AV:P/AC:L/PR:N/UI:N/S:U/C:N/I:L/A:N,LOW,NONE,LOW,NONE,2.4,LOW,0.9,1.4
CVE-2020-9063,"[{'lang': 'en', 'value': 'NCR SelfServ ATMs running APTRA XFS 05.01.00 or earlier do not authenticate or protect the integrity of USB HID communications between the currency dispenser and the host computer, permitting an attacker with physical access to internal ATM components the ability to inject a malicious payload and execute arbitrary code with SYSTEM privileges on the host computer by causing a buffer overflow on the host.'}, {'lang': 'es', 'value': 'Los Cajeros Autom�ticos NCR SelfServ que ejecutan APTRA XFS versiones 05.01.00 o anteriores, no autentican ni protegen la integridad de las comunicaciones USB HID entre el dispensador de monedas y el computador host, permitiendo a un atacante con acceso f�sico a los componentes internos del Cajero Autom�tico inyectar una carga �til maliciosa y ejecutar c�digo arbitrario con privilegios SYSTEM en el equipo host al causar un desbordamiento del b�fer en el host.'}]",PHYSICAL,CVSS:3.1/AV:P/AC:L/PR:N/UI:N/S:C/C:H/I:H/A:H,LOW,HIGH,HIGH,HIGH,7.6,HIGH,0.9,6.0
CVE-2020-9083,"[{'lang': 'en', 'value': 'HUAWEI Mate 20 smart phones with Versions earlier than 10.1.0.163(C00E160R3P8) have a denial of service (DoS) vulnerability. The attacker can enter a large amount of text on the phone. Due to insufficient verification of the parameter, successful exploitation can impact the service.'}, {'lang': 'es', 'value': 'Los tel�fonos inteligentes HUAWEI Mate 20 con versiones anteriores a 10.1.0.163(C00E160R3P8), presentan una vulnerabilidad de denegaci�n de servicio (DoS).&#xa0;El atacante puede ingresar una gran cantidad de texto en el tel�fono.&#xa0;Debido a una verificaci�n insuficiente del par�metro, una explotaci�n con �xito puede afectar el servicio'}]",PHYSICAL,CVSS:3.1/AV:P/AC:L/PR:N/UI:N/S:U/C:N/I:N/A:L,LOW,NONE,NONE,LOW,2.4,LOW,0.9,1.4
CVE-2021-30863,"[{'lang': 'en', 'value': 'This issue was addressed by improving Face ID anti-spoofing models. This issue is fixed in iOS 15 and iPadOS 15. A 3D model constructed to look like the enrolled user may be able to authenticate via Face ID.'}, {'lang': 'es', 'value': 'Este problema se abord� con los modelos anti-spoofing de Face ID mejorados. Este problema se corrigi� en iOS versi�n 15 y iPadOS versi�n 15. Un modelo 3D construido para parecerse al usuario inscrito puede ser capaz de autenticarse por medio de Face ID'}]",PHYSICAL,CVSS:3.1/AV:P/AC:L/PR:N/UI:N/S:U/C:H/I:H/A:H,LOW,HIGH,HIGH,HIGH,6.8,MEDIUM,0.9,5.9
CVE-2021-3458,"[{'lang': 'en', 'value': 'The Motorola MM1000 device configuration portal can be accessed without authentication, which could allow adapter settings to be modified.'}, {'lang': 'es', 'value': 'Puede accederse al portal de configuraci�n del dispositivo Motorola MM1000 sin autenticaci�n, que podr�a permitir una modificaci�n de la configuraci�n del adaptador.'}]",PHYSICAL,CVSS:3.1/AV:P/AC:L/PR:N/UI:N/S:U/C:N/I:H/A:N,LOW,NONE,HIGH,NONE,4.6,MEDIUM,0.9,3.6
CVE-2021-3713,"[{'lang': 'en', 'value': 'An out-of-bounds write flaw was found in the UAS (USB Attached SCSI) device emulation of QEMU in versions prior to 6.2.0-rc0. The device uses the guest supplied stream number unchecked, which can lead to out-of-bounds access to the UASDevice->data3 and UASDevice->status3 fields. A malicious guest user could use this flaw to crash QEMU or potentially achieve code execution with the privileges of the QEMU process on the host.'}, {'lang': 'es', 'value': 'Se ha detectado un fallo de escritura fuera de l�mites en la emulaci�n del dispositivo UAS (USB Attached SCSI) de QEMU en versiones anteriores a 6.2.0-rc0. El dispositivo usa el n�mero de flujo suministrado por el hu�sped sin comprobar, lo que puede conllevar a un acceso fuera de l�mites a los campos UASDevice-)data3 y UASDevice-)status3. Un usuario invitado malicioso podr�a usar este fallo para bloquear QEMU o lograr potencialmente una ejecuci�n de c�digo con los privilegios del proceso QEMU en el host.'}]",PHYSICAL,CVSS:3.1/AV:P/AC:L/PR:L/UI:N/S:C/C:H/I:H/A:H,LOW,HIGH,HIGH,HIGH,7.4,HIGH,0.7,6.0
CVE-2021-38204,"[{'lang': 'en', 'value': 'drivers/usb/host/max3421-hcd.c in the Linux kernel before 5.13.6 allows physically proximate attackers to cause a denial of service (use-after-free and panic) by removing a MAX-3421 USB device in certain situations.'}, {'lang': 'es', 'value': 'El archivo drivers/usb/host/max3421-hcd.c en el kernel de Linux versiones anteriores a 5.13.6, permite a atacantes f�sicamente pr�ximos causar una denegaci�n de servicio (uso de memoria previamente liberada y p�nico) al eliminar un dispositivo USB MAX-3421 en determinadas situaciones'}]",PHYSICAL,CVSS:3.1/AV:P/AC:L/PR:N/UI:N/S:U/C:H/I:H/A:H,LOW,HIGH,HIGH,HIGH,6.8,MEDIUM,0.9,5.9
